,Source,Text,Date,Sent.Compound,Sent.Positive,Sent.Neutral,Sent.Negative
0,@BBCWorld,Indonesia zoo condemned over smoking orangutan https://t.co/ajiVFZ92ki,Wed Mar 07 16:28:10 +0000 2018,-0.4404,0.0,0.674,0.326
1,@BBCWorld,"RT @BBC_HaveYourSay: Are women being kept from Formula 1 because of a ""physical issue""?
Jorda: üëç
Jenson: üëé
Mann: üëé
M√ºnter: üëé
De Silvestro:‚Ä¶",Wed Mar 07 14:29:40 +0000 2018,0.0,0.0,1.0,0.0
2,@BBCWorld,Google tech used by Pentagon 'to analyse drone videos' https://t.co/m4dVdnwidM,Wed Mar 07 13:58:32 +0000 2018,0.0,0.0,1.0,0.0
3,@BBCWorld,Sri Lanka police and rioters clash in Kandy https://t.co/FxnVilUVYR,Wed Mar 07 13:49:43 +0000 2018,0.0,0.0,1.0,0.0
4,@BBCWorld,Sergei Skripal and the 14 deaths under scrutiny https://t.co/KQKWhnZxYo,Wed Mar 07 13:35:46 +0000 2018,0.0,0.0,1.0,0.0
5,@BBCWorld,Mother's Day: The Belgian nursery school ditching traditional celebrations https://t.co/3plpcJwsER,Wed Mar 07 12:59:13 +0000 2018,0.0,0.0,1.0,0.0
6,@BBCWorld,Killed Salvadorean archbishop Romero to be made a saint https://t.co/45t7SX4SDr,Wed Mar 07 12:54:48 +0000 2018,-0.6705,0.0,0.64,0.36
7,@BBCWorld,Mississippi lawmakers approve earliest US abortion ban https://t.co/pH0cV1sSTJ,Wed Mar 07 12:50:29 +0000 2018,-0.5574,0.0,0.66,0.34
8,@BBCWorld,Mario Balotelli condemns Italy's first black senator https://t.co/gI4nuTdrJ0,Wed Mar 07 12:32:48 +0000 2018,-0.5106,0.0,0.68,0.32
9,@BBCWorld,S Korean envoys 'to take message from Kim to US' https://t.co/jkurPiyxQp,Wed Mar 07 12:10:24 +0000 2018,0.0,0.0,1.0,0.0
10,@BBCWorld,Belgium sexism law: Man who insulted officer first to be convicted https://t.co/ZcI4oU9b58,Wed Mar 07 11:48:19 +0000 2018,-0.5106,0.0,0.769,0.231
11,@BBCWorld,RT @bbcstories: This is the most hardcore baptism you‚Äôll ever see - a mum carrying her baby to a church up a near-vertical cliff face üò±üò±üò± h‚Ä¶,Wed Mar 07 11:43:00 +0000 2018,0.0,0.0,1.0,0.0
12,@BBCWorld,"RT @BBCNews: Cuteness overload!

First polar bear cub born in UK for 25 years emerges from its den

https://t.co/qCyLjgW8IA https://t.co/rP‚Ä¶",Wed Mar 07 11:18:38 +0000 2018,0.2714,0.149,0.747,0.104
13,@BBCWorld,Brexit: EU Parliament sets out stance on future UK relations https://t.co/miJGhZkBYR,Wed Mar 07 11:15:11 +0000 2018,0.0,0.0,1.0,0.0
14,@BBCWorld,Deadly helicopter crash in Chechnya https://t.co/j7LfeibOCT,Wed Mar 07 11:06:31 +0000 2018,-0.4019,0.0,0.649,0.351
15,@BBCWorld,South African triathlete Mhlengi Gwala in hospital after attack with saw https://t.co/1ExNUCYpYN,Wed Mar 07 10:49:40 +0000 2018,-0.4767,0.0,0.78,0.22
16,@BBCWorld,Coca-Cola plans Japan foray into alcohol https://t.co/5004c8cnP2,Wed Mar 07 09:01:50 +0000 2018,0.0,0.0,1.0,0.0
17,@BBCWorld,RT @SallyBundockBBC: #Mattel is marking #InternationalWomensDay with a new set of Barbie dolls - who would you nominate and why? Suggestion‚Ä¶,Wed Mar 07 08:26:06 +0000 2018,0.0,0.0,1.0,0.0
18,@BBCWorld,Terminal illness led to Australia's first same-sex marriage https://t.co/WrPYmBLXE8,Wed Mar 07 08:17:45 +0000 2018,-0.4019,0.0,0.748,0.252
19,@BBCWorld,Blackberry sues Facebook in fight over app patents https://t.co/LeM00Hwf84,Wed Mar 07 08:17:43 +0000 2018,-0.3818,0.0,0.755,0.245
20,@BBCWorld,Indonesia zoo condemned over smoking orangutan https://t.co/ajiVFZ92ki,Wed Mar 07 16:28:10 +0000 2018,-0.4404,0.0,0.674,0.326
21,@BBCWorld,"RT @BBC_HaveYourSay: Are women being kept from Formula 1 because of a ""physical issue""?
Jorda: üëç
Jenson: üëé
Mann: üëé
M√ºnter: üëé
De Silvestro:‚Ä¶",Wed Mar 07 14:29:40 +0000 2018,0.0,0.0,1.0,0.0
22,@BBCWorld,Google tech used by Pentagon 'to analyse drone videos' https://t.co/m4dVdnwidM,Wed Mar 07 13:58:32 +0000 2018,0.0,0.0,1.0,0.0
23,@BBCWorld,Sri Lanka police and rioters clash in Kandy https://t.co/FxnVilUVYR,Wed Mar 07 13:49:43 +0000 2018,0.0,0.0,1.0,0.0
24,@BBCWorld,Sergei Skripal and the 14 deaths under scrutiny https://t.co/KQKWhnZxYo,Wed Mar 07 13:35:46 +0000 2018,0.0,0.0,1.0,0.0
25,@BBCWorld,Mother's Day: The Belgian nursery school ditching traditional celebrations https://t.co/3plpcJwsER,Wed Mar 07 12:59:13 +0000 2018,0.0,0.0,1.0,0.0
26,@BBCWorld,Killed Salvadorean archbishop Romero to be made a saint https://t.co/45t7SX4SDr,Wed Mar 07 12:54:48 +0000 2018,-0.6705,0.0,0.64,0.36
27,@BBCWorld,Mississippi lawmakers approve earliest US abortion ban https://t.co/pH0cV1sSTJ,Wed Mar 07 12:50:29 +0000 2018,-0.5574,0.0,0.66,0.34
28,@BBCWorld,Mario Balotelli condemns Italy's first black senator https://t.co/gI4nuTdrJ0,Wed Mar 07 12:32:48 +0000 2018,-0.5106,0.0,0.68,0.32
29,@BBCWorld,S Korean envoys 'to take message from Kim to US' https://t.co/jkurPiyxQp,Wed Mar 07 12:10:24 +0000 2018,0.0,0.0,1.0,0.0
30,@BBCWorld,Belgium sexism law: Man who insulted officer first to be convicted https://t.co/ZcI4oU9b58,Wed Mar 07 11:48:19 +0000 2018,-0.5106,0.0,0.769,0.231
31,@BBCWorld,RT @bbcstories: This is the most hardcore baptism you‚Äôll ever see - a mum carrying her baby to a church up a near-vertical cliff face üò±üò±üò± h‚Ä¶,Wed Mar 07 11:43:00 +0000 2018,0.0,0.0,1.0,0.0
32,@BBCWorld,"RT @BBCNews: Cuteness overload!

First polar bear cub born in UK for 25 years emerges from its den

https://t.co/qCyLjgW8IA https://t.co/rP‚Ä¶",Wed Mar 07 11:18:38 +0000 2018,0.2714,0.149,0.747,0.104
33,@BBCWorld,Brexit: EU Parliament sets out stance on future UK relations https://t.co/miJGhZkBYR,Wed Mar 07 11:15:11 +0000 2018,0.0,0.0,1.0,0.0
34,@BBCWorld,Deadly helicopter crash in Chechnya https://t.co/j7LfeibOCT,Wed Mar 07 11:06:31 +0000 2018,-0.4019,0.0,0.649,0.351
35,@BBCWorld,South African triathlete Mhlengi Gwala in hospital after attack with saw https://t.co/1ExNUCYpYN,Wed Mar 07 10:49:40 +0000 2018,-0.4767,0.0,0.78,0.22
36,@BBCWorld,Coca-Cola plans Japan foray into alcohol https://t.co/5004c8cnP2,Wed Mar 07 09:01:50 +0000 2018,0.0,0.0,1.0,0.0
37,@BBCWorld,RT @SallyBundockBBC: #Mattel is marking #InternationalWomensDay with a new set of Barbie dolls - who would you nominate and why? Suggestion‚Ä¶,Wed Mar 07 08:26:06 +0000 2018,0.0,0.0,1.0,0.0
38,@BBCWorld,Terminal illness led to Australia's first same-sex marriage https://t.co/WrPYmBLXE8,Wed Mar 07 08:17:45 +0000 2018,-0.4019,0.0,0.748,0.252
39,@BBCWorld,Blackberry sues Facebook in fight over app patents https://t.co/LeM00Hwf84,Wed Mar 07 08:17:43 +0000 2018,-0.3818,0.0,0.755,0.245
40,@BBCWorld,Fyre Festival co-founder Billy McFarland admits fraud https://t.co/Hdc266B5do,Wed Mar 07 08:12:47 +0000 2018,0.1531,0.38,0.352,0.268
41,@BBCWorld,RT @BBCSteveR: What are today's Russian papers saying about the Sergei Skripal story? There's limited coverage. But one pro-Kremlin paper c‚Ä¶,Wed Mar 07 07:56:51 +0000 2018,-0.2263,0.0,0.913,0.087
42,@BBCWorld,Bali's battle against plastic pollution https://t.co/fQjzDPbQFh,Wed Mar 07 07:36:45 +0000 2018,-0.3818,0.0,0.658,0.342
43,@BBCWorld,Tomb Raider star: 'It's all very positive' because of feminist movement https://t.co/S5MkFkHP3v,Wed Mar 07 07:24:08 +0000 2018,0.5984,0.261,0.739,0.0
44,@BBCWorld,US man admits murder of Indian migrant https://t.co/oYu9X8nMKY,Wed Mar 07 04:53:14 +0000 2018,-0.5423,0.171,0.465,0.364
45,@BBCWorld,Stormy Daniels sues Trump over 'hush agreement' https://t.co/JlGtrLRWsZ,Wed Mar 07 04:42:50 +0000 2018,0.4939,0.314,0.686,0.0
46,@BBCWorld,RT @SallyBundockBBC: Who would you turn into a #Barbie doll for #InternationalWomensDay? Suggestions to #BBCTheBriefing - Nicola Adams says‚Ä¶,Wed Mar 07 03:55:50 +0000 2018,0.0,0.0,1.0,0.0
47,@BBCWorld,"RT @BBCNewsAsia: One of the best captains in international cricket. Inside the mind of India's 'greatest', Sourav Ganguly https://t.co/gsct‚Ä¶",Wed Mar 07 03:42:27 +0000 2018,0.6369,0.189,0.811,0.0
48,@BBCWorld,"Russia MP: 'I don't feel people up. Well, OK, just a little' https://t.co/DEzy4KPBVx",Wed Mar 07 01:57:30 +0000 2018,0.6166,0.335,0.665,0.0
49,@BBCWorld,"RT @BBCNewsAsia: On Thursday it will be four years since Malaysia Airlines flight #MH370 disappeared. With the mystery still unsolved, some‚Ä¶",Wed Mar 07 01:47:30 +0000 2018,-0.2263,0.0,0.913,0.087
50,@BBCWorld,Australia and East Timor sign historic maritime border deal https://t.co/5gICItKskE,Wed Mar 07 01:38:31 +0000 2018,0.0,0.0,1.0,0.0
51,@BBCWorld,Weinstein Company rescue deal collapses https://t.co/kHxO3sbQaG,Wed Mar 07 01:13:18 +0000 2018,0.2732,0.347,0.421,0.232
52,@BBCWorld,"Lessons delivered by taxi, truck and boat https://t.co/ICckY1EHd1",Wed Mar 07 01:08:18 +0000 2018,0.0,0.0,1.0,0.0
53,@BBCWorld,Sourav Ganguly: Inside the mind of India's 'greatest' cricket captain https://t.co/tAXoKKIWXF,Wed Mar 07 01:08:18 +0000 2018,0.0,0.0,1.0,0.0
54,@BBCWorld,MH370: Why families oppose plans for a memorial https://t.co/Wx4vhLBO2g,Wed Mar 07 01:08:18 +0000 2018,0.0,0.0,1.0,0.0
55,@BBCWorld,Making boots from hippopotamus and ostrich https://t.co/pWdi7cG4OI,Wed Mar 07 01:02:44 +0000 2018,0.0,0.0,1.0,0.0
56,@BBCWorld,'Haunted by nightmares' of working for US Border Patrol https://t.co/2TEDFt0J5V,Wed Mar 07 00:57:38 +0000 2018,-0.4767,0.0,0.744,0.256
57,@BBCWorld,"North Korea used VX nerve agent to kill leader's brother, says US https://t.co/4mLB0FEnII",Wed Mar 07 00:47:21 +0000 2018,-0.6908,0.0,0.719,0.281
58,@BBCWorld,The girl who sabotaged her own wedding https://t.co/MmfykZHUPl,Wed Mar 07 00:36:45 +0000 2018,0.0,0.0,1.0,0.0
59,@BBCWorld,Washington DC dumps homeless people's belongings https://t.co/QlzK0WVvse,Wed Mar 07 00:36:43 +0000 2018,-0.4019,0.0,0.69,0.31
60,@BBCWorld,Canadian man pleads guilty to US terrorism charges https://t.co/1fTaNneVFh,Tue Mar 06 23:47:23 +0000 2018,-0.8591,0.0,0.387,0.613
61,@BBCWorld,Albert Einstein note to young female scientist sells at auction https://t.co/R8Pvxmm32m,Tue Mar 06 22:54:22 +0000 2018,0.0,0.0,1.0,0.0
62,@BBCWorld,Gary Cohn: Key Trump economic policy aide resigns https://t.co/aPY6mgjl8p,Tue Mar 06 22:49:05 +0000 2018,-0.3182,0.0,0.777,0.223
63,@BBCWorld,RT @BBCBreaking: US President Donald Trump‚Äôs top economic adviser Gary Cohn is to resign - White House https://t.co/bdzGAiguww,Tue Mar 06 22:38:28 +0000 2018,-0.1531,0.094,0.781,0.125
64,@BBCWorld,Trump tariffs: President says EU making business 'impossible' https://t.co/dt5xukZ1b7,Tue Mar 06 22:02:59 +0000 2018,0.0,0.0,1.0,0.0
65,@BBCWorld,Michelle Obama dances with Parker the portrait girl https://t.co/cBK9lOZphj,Tue Mar 06 21:57:03 +0000 2018,0.0,0.0,1.0,0.0
66,@BBCWorld,Rex Tillerson slams China's relationship with Africa https://t.co/a7duVWb0aP,Tue Mar 06 21:40:48 +0000 2018,0.0,0.0,1.0,0.0
67,@BBCWorld,A party-goer stole Frances McDormand's Oscar statue and bragged about it on social media https://t.co/fWnWYNH401,Tue Mar 06 21:29:47 +0000 2018,0.0,0.0,1.0,0.0
68,@BBCWorld,"President Donald Trump says ""trade wars aren't so bad"" when the US has a trade deficit with many other countries https://t.co/BI6137GSx4",Tue Mar 06 21:22:10 +0000 2018,-0.4995,0.116,0.645,0.239
69,@BBCWorld,Donald Trump cautious on N Korea nuclear disarmament talks https://t.co/YP1t9Cmpnq,Tue Mar 06 21:00:54 +0000 2018,-0.1027,0.0,0.851,0.149
70,@BBCWorld,"Argentina abortion: Referendum 'on the table', government says https://t.co/08PuCy3Ghv",Tue Mar 06 20:41:23 +0000 2018,0.0,0.0,1.0,0.0
71,@BBCWorld,Digging for a son in Eastern Ghouta https://t.co/IX5kA0R2xh,Tue Mar 06 19:23:37 +0000 2018,0.0,0.0,1.0,0.0
72,@BBCWorld,"Lost WW2 aircraft carrier USS Lexington found after 76 years off the coast of Australia

https://t.co/T3dq3C3QY8 https://t.co/yzCg9JMki2",Tue Mar 06 18:23:28 +0000 2018,-0.3182,0.0,0.874,0.126
73,@BBCWorld,Watch Frances McDormand's Oscar being stolen https://t.co/Lq8DnGZwLI,Tue Mar 06 17:48:34 +0000 2018,-0.4939,0.0,0.652,0.348
74,@BBCWorld,Crowd catches little girl from ski lift fall https://t.co/CvM33wpmzK,Tue Mar 06 17:28:55 +0000 2018,0.0,0.0,1.0,0.0
75,@BBCWorld,"RT @BBCSport: Fiorentina have retired the shirt number worn by Davide Astori.

His former club Cagliari have done the same.

üëâ https://t.co‚Ä¶",Tue Mar 06 16:46:28 +0000 2018,-0.2263,0.058,0.844,0.098
76,@BBCWorld,Rwanda church closures: Pastors arrested for defying order https://t.co/a7O9AdBvhD,Tue Mar 06 16:36:56 +0000 2018,-0.4767,0.0,0.721,0.279
77,@BBCWorld,"Leaders from North Korea, China, Uganda, Russia, Iraq, Cuba and Syria https://t.co/hO105CFul9",Tue Mar 06 16:32:17 +0000 2018,0.0,0.0,1.0,0.0
78,@BBCWorld,USS Lexington: World War Two aircraft carrier wreck found https://t.co/m8oUxkAjTc,Tue Mar 06 16:17:44 +0000 2018,-0.7783,0.0,0.541,0.459
79,@BBCWorld,The future of fast food? üçî https://t.co/EJVxGJCKd7,Tue Mar 06 16:12:46 +0000 2018,0.0,0.0,1.0,0.0
80,@BBCWorld,'Their blood is on your hands' https://t.co/l01nszDJVK,Tue Mar 06 15:58:16 +0000 2018,0.0,0.0,1.0,0.0
81,@BBCWorld,Trump slumps on Forbes billionaires list https://t.co/O0ksA4gBQs,Tue Mar 06 15:53:22 +0000 2018,0.0,0.0,1.0,0.0
82,@BBCWorld,RT @BBCFergusWalsh: Four dementia scientists share 1m Euro brain prize for pivotal work unpicking the protein changes that lead to Alzheime‚Ä¶,Tue Mar 06 15:36:10 +0000 2018,0.6705,0.224,0.776,0.0
83,@BBCWorld,"RT @BBCNews: When a robin photobombs your picture‚Ä¶ 

@AmandaPache, from Edinburgh, was filming a walk in the snow when this happened https:‚Ä¶",Tue Mar 06 15:25:24 +0000 2018,0.0,0.0,1.0,0.0
84,@BBCWorld,"RT @BBC_HaveYourSay: RuPaul called the trans community ‚Äúheroes of our shared LGBTQ movement‚Äù in his apology üè≥Ô∏è‚Äçüåà

https://t.co/do7V7kTGUQ",Tue Mar 06 14:58:12 +0000 2018,0.3818,0.184,0.816,0.0
85,@BBCWorld,'Super Monster Wolf' a success in Japan farming trials https://t.co/V0mYNFz0mw,Tue Mar 06 14:34:51 +0000 2018,0.8225,0.521,0.479,0.0
86,@BBCWorld,"What is populism, and what does the term actually mean? https://t.co/GIMtXSrh0D",Tue Mar 06 14:21:11 +0000 2018,0.0,0.0,1.0,0.0
87,@BBCWorld,Russian plane crash in Syria 'kills 32' https://t.co/VAak593ePD,Tue Mar 06 13:54:46 +0000 2018,-0.7351,0.0,0.492,0.508
88,@BBCWorld,"RT @BBCBreaking: Russian military plane crashes in Syria killing 26 passengers and six crew members, defence ministry says https://t.co/sJx‚Ä¶",Tue Mar 06 13:47:52 +0000 2018,-0.6124,0.061,0.746,0.193
89,@BBCWorld,Diver swims through thick soup of plastic waste near Bali https://t.co/u3NbHqmYln,Tue Mar 06 13:34:58 +0000 2018,-0.4215,0.0,0.781,0.219
90,@BBCWorld,Estonian district votes to get cannabis leaf flag https://t.co/xsW4OojXPG,Tue Mar 06 13:09:54 +0000 2018,0.0,0.0,1.0,0.0
91,@BBCWorld,Diver films sea of plastic off Nusa Penida near Bali https://t.co/KIcXSDHzcn,Tue Mar 06 12:33:18 +0000 2018,0.0,0.0,1.0,0.0
92,@BBCWorld,"RT @BBCSport: A great gesture.

Fiorentina and Cagliari have retired the shirt number worn by Davide Astori.

More: https://t.co/zwgwAocKba‚Ä¶",Tue Mar 06 12:21:35 +0000 2018,0.4939,0.239,0.664,0.097
93,@BBCWorld,France to fix legal age of sexual consent as 15 https://t.co/wy8ZNsoaSO,Tue Mar 06 12:10:57 +0000 2018,0.34,0.274,0.726,0.0
94,@BBCWorld,Florida shooting: State lawmakers pass gun control measures https://t.co/47vnK7PlhY,Tue Mar 06 12:01:15 +0000 2018,-0.34,0.0,0.769,0.231
95,@BBCWorld,World's last male northern white rhino Sudan improves slightly https://t.co/jP2x0pIyz4,Tue Mar 06 12:01:15 +0000 2018,0.4215,0.237,0.763,0.0
96,@BBCWorld,"Oldest message in a bottle found on beach in Western Australia

It's almost 132 years old üò≤

https://t.co/1nTKs6kAd7 https://t.co/Z6TJHAQKcN",Tue Mar 06 11:43:07 +0000 2018,0.0,0.0,1.0,0.0
97,@BBCWorld,Hong Kong 'tiger' scare after feline sighting https://t.co/prRP0Q5aa1,Tue Mar 06 11:38:43 +0000 2018,-0.4939,0.0,0.686,0.314
98,@BBCWorld,Syria war: 'Chlorine attack' on besieged Eastern Ghouta https://t.co/51skSNZBah,Tue Mar 06 11:21:00 +0000 2018,-0.7906,0.0,0.5,0.5
99,@BBCWorld,Sri Lanka violence: State of emergency declared over attacks https://t.co/nkBX7UTmTR,Tue Mar 06 11:16:35 +0000 2018,-0.8625,0.0,0.422,0.578
100,@CBSNews,WATCH LIVE: Attorney General Jeff Sessions unveils lawsuit against California over the state's sanctuary city polic‚Ä¶ https://t.co/blyXr1xSbP,Wed Mar 07 16:22:55 +0000 2018,-0.2263,0.0,0.894,0.106
101,@CBSNews,"British officials say they have ""more information"" in the case of a Russian ex-spy who was found slumped on a publi‚Ä¶ https://t.co/RaEw5TehL7",Wed Mar 07 16:15:01 +0000 2018,0.0,0.0,1.0,0.0
102,@CBSNews,Police are responding to a standoff situation at a home in eastern Alabama after multiple people were shot at a res‚Ä¶ https://t.co/emCJB0LNBK,Wed Mar 07 16:00:02 +0000 2018,0.0,0.0,1.0,0.0
103,@CBSNews,"Parker Curry, the little girl who met Michelle Obama after a photo of her staring at the former first lady's portra‚Ä¶ https://t.co/FAVme65syW",Wed Mar 07 15:45:25 +0000 2018,0.0,0.0,1.0,0.0
104,@CBSNews,"‚ÄúLet‚Äôs be clear, I think to say ‚Äòarming teachers‚Äô ‚Äî is an oversimplification and a mischaracterization,‚Äù Education‚Ä¶ https://t.co/tRm6UOCvWC",Wed Mar 07 15:34:52 +0000 2018,0.4215,0.226,0.774,0.0
105,@CBSNews,"A wave of exits from the White House are sparking talk of potential ""brain drain"" that will only make it more diffi‚Ä¶ https://t.co/optkbuULHh",Wed Mar 07 15:22:33 +0000 2018,0.0,0.0,1.0,0.0
106,@CBSNews,"Waves are still pounding the shores of Massachusetts coastal communities, where crews are rushing to fix crumbling‚Ä¶ https://t.co/YKphStZ1vN",Wed Mar 07 15:05:27 +0000 2018,0.0,0.0,1.0,0.0
107,@CBSNews,"Stormy Daniels has no ""desire"" to profit from story of an alleged affair with President Trump, her lawyer says:‚Ä¶ https://t.co/IPFuOSEpPY",Wed Mar 07 14:47:02 +0000 2018,0.1779,0.126,0.779,0.095
108,@CBSNews,NEW: The Dow Jones industrial average plunges about 300 points at market open amid chief economic adviser Gary Cohn‚Ä¶ https://t.co/NCXmUI3UfS,Wed Mar 07 14:38:39 +0000 2018,0.0,0.0,1.0,0.0
109,@CBSNews,Is a 4-day school week the answer to low teacher pay? 210 schools in Oklahoma think so. https://t.co/BhuqXUZD3C,Wed Mar 07 14:30:46 +0000 2018,-0.3612,0.0,0.811,0.189
110,@CBSNews,"Sen. Cory Gardner says to take renewed North Korea talks with ""an entire salt block"" https://t.co/6AXwctdB80 https://t.co/PcoGCfaue5",Wed Mar 07 14:15:01 +0000 2018,-0.4404,0.0,0.847,0.153
111,@CBSNews,"Another snowy, windy nor'easter is threatening a new round of power outages, raising concerns for utility customers‚Ä¶ https://t.co/pGZOZBCkVx",Wed Mar 07 14:00:04 +0000 2018,-0.5267,0.0,0.825,0.175
112,@CBSNews,"Krysten Ritter has appeared in hit shows like ‚ÄúGilmore Girls,‚Äù ‚ÄúVeronica Mars,‚Äù and ‚ÄúBreaking Bad.‚Äù She is now play‚Ä¶ https://t.co/jESqOe55G8",Wed Mar 07 13:44:46 +0000 2018,0.3612,0.116,0.884,0.0
113,@CBSNews,AHEAD on @CBSThisMorning: Actress Krysten Ritter reveals why her character in Marvel‚Äôs ‚ÄúJessica Jones‚Äù is angrier t‚Ä¶ https://t.co/27jH18JflI,Wed Mar 07 13:41:43 +0000 2018,-0.5106,0.0,0.837,0.163
114,@CBSNews,Teachers in Oklahoma could be the next to go on strike over low wages. Educators there are the 2nd lowest paid in t‚Ä¶ https://t.co/IHvINBMxzv,Wed Mar 07 13:40:01 +0000 2018,-0.6369,0.0,0.772,0.228
115,@CBSNews,Pres. Trump is welcoming N. Korea‚Äôs apparent openness to negotiations about its nuclear program. It‚Äôs not yet clear‚Ä¶ https://t.co/Yycfq7oUD5,Wed Mar 07 13:37:41 +0000 2018,0.6486,0.238,0.762,0.0
116,@CBSNews,Here‚Äôs a look at some of this morning‚Äôs other headlines on @CBSThisMorning https://t.co/024kZjqEvf,Wed Mar 07 13:33:34 +0000 2018,0.0,0.0,1.0,0.0
117,@CBSNews,Stoneman Douglas Students performed at New York‚Äôs Carnegie Hall three weeks after surviving the school shooting‚Ä¶ https://t.co/70fbIpeK1a,Wed Mar 07 13:31:46 +0000 2018,0.296,0.121,0.879,0.0
118,@CBSNews,"Art came to life for one little girl, when she finally met her idol. Two-year-old Parker Curry was in awe of the of‚Ä¶ https://t.co/qv3BDScIrY",Wed Mar 07 13:24:39 +0000 2018,0.0,0.0,1.0,0.0
119,@CBSNews,"U.S. stock market futures indicate big losses on Wednesday, with Dow futures sinking 1.3%, amid Gary Cohn's departu‚Ä¶ https://t.co/PQ4fiyeyk5",Wed Mar 07 13:20:01 +0000 2018,-0.4019,0.0,0.87,0.13
120,@CBSNews,WATCH LIVE: Attorney General Jeff Sessions unveils lawsuit against California over the state's sanctuary city polic‚Ä¶ https://t.co/blyXr1xSbP,Wed Mar 07 16:22:55 +0000 2018,-0.2263,0.0,0.894,0.106
121,@CBSNews,"British officials say they have ""more information"" in the case of a Russian ex-spy who was found slumped on a publi‚Ä¶ https://t.co/RaEw5TehL7",Wed Mar 07 16:15:01 +0000 2018,0.0,0.0,1.0,0.0
122,@CBSNews,Police are responding to a standoff situation at a home in eastern Alabama after multiple people were shot at a res‚Ä¶ https://t.co/emCJB0LNBK,Wed Mar 07 16:00:02 +0000 2018,0.0,0.0,1.0,0.0
123,@CBSNews,"Parker Curry, the little girl who met Michelle Obama after a photo of her staring at the former first lady's portra‚Ä¶ https://t.co/FAVme65syW",Wed Mar 07 15:45:25 +0000 2018,0.0,0.0,1.0,0.0
124,@CBSNews,"‚ÄúLet‚Äôs be clear, I think to say ‚Äòarming teachers‚Äô ‚Äî is an oversimplification and a mischaracterization,‚Äù Education‚Ä¶ https://t.co/tRm6UOCvWC",Wed Mar 07 15:34:52 +0000 2018,0.4215,0.226,0.774,0.0
125,@CBSNews,"A wave of exits from the White House are sparking talk of potential ""brain drain"" that will only make it more diffi‚Ä¶ https://t.co/optkbuULHh",Wed Mar 07 15:22:33 +0000 2018,0.0,0.0,1.0,0.0
126,@CBSNews,"Waves are still pounding the shores of Massachusetts coastal communities, where crews are rushing to fix crumbling‚Ä¶ https://t.co/YKphStZ1vN",Wed Mar 07 15:05:27 +0000 2018,0.0,0.0,1.0,0.0
127,@CBSNews,"Stormy Daniels has no ""desire"" to profit from story of an alleged affair with President Trump, her lawyer says:‚Ä¶ https://t.co/IPFuOSEpPY",Wed Mar 07 14:47:02 +0000 2018,0.1779,0.126,0.779,0.095
128,@CBSNews,NEW: The Dow Jones industrial average plunges about 300 points at market open amid chief economic adviser Gary Cohn‚Ä¶ https://t.co/NCXmUI3UfS,Wed Mar 07 14:38:39 +0000 2018,0.0,0.0,1.0,0.0
129,@CBSNews,Is a 4-day school week the answer to low teacher pay? 210 schools in Oklahoma think so. https://t.co/BhuqXUZD3C,Wed Mar 07 14:30:46 +0000 2018,-0.3612,0.0,0.811,0.189
130,@CBSNews,"Sen. Cory Gardner says to take renewed North Korea talks with ""an entire salt block"" https://t.co/6AXwctdB80 https://t.co/PcoGCfaue5",Wed Mar 07 14:15:01 +0000 2018,-0.4404,0.0,0.847,0.153
131,@CBSNews,"Another snowy, windy nor'easter is threatening a new round of power outages, raising concerns for utility customers‚Ä¶ https://t.co/pGZOZBCkVx",Wed Mar 07 14:00:04 +0000 2018,-0.5267,0.0,0.825,0.175
132,@CBSNews,"Krysten Ritter has appeared in hit shows like ‚ÄúGilmore Girls,‚Äù ‚ÄúVeronica Mars,‚Äù and ‚ÄúBreaking Bad.‚Äù She is now play‚Ä¶ https://t.co/jESqOe55G8",Wed Mar 07 13:44:46 +0000 2018,0.3612,0.116,0.884,0.0
133,@CBSNews,AHEAD on @CBSThisMorning: Actress Krysten Ritter reveals why her character in Marvel‚Äôs ‚ÄúJessica Jones‚Äù is angrier t‚Ä¶ https://t.co/27jH18JflI,Wed Mar 07 13:41:43 +0000 2018,-0.5106,0.0,0.837,0.163
134,@CBSNews,Teachers in Oklahoma could be the next to go on strike over low wages. Educators there are the 2nd lowest paid in t‚Ä¶ https://t.co/IHvINBMxzv,Wed Mar 07 13:40:01 +0000 2018,-0.6369,0.0,0.772,0.228
135,@CBSNews,Pres. Trump is welcoming N. Korea‚Äôs apparent openness to negotiations about its nuclear program. It‚Äôs not yet clear‚Ä¶ https://t.co/Yycfq7oUD5,Wed Mar 07 13:37:41 +0000 2018,0.6486,0.238,0.762,0.0
136,@CBSNews,Here‚Äôs a look at some of this morning‚Äôs other headlines on @CBSThisMorning https://t.co/024kZjqEvf,Wed Mar 07 13:33:34 +0000 2018,0.0,0.0,1.0,0.0
137,@CBSNews,Stoneman Douglas Students performed at New York‚Äôs Carnegie Hall three weeks after surviving the school shooting‚Ä¶ https://t.co/70fbIpeK1a,Wed Mar 07 13:31:46 +0000 2018,0.296,0.121,0.879,0.0
138,@CBSNews,"Art came to life for one little girl, when she finally met her idol. Two-year-old Parker Curry was in awe of the of‚Ä¶ https://t.co/qv3BDScIrY",Wed Mar 07 13:24:39 +0000 2018,0.0,0.0,1.0,0.0
139,@CBSNews,"U.S. stock market futures indicate big losses on Wednesday, with Dow futures sinking 1.3%, amid Gary Cohn's departu‚Ä¶ https://t.co/PQ4fiyeyk5",Wed Mar 07 13:20:01 +0000 2018,-0.4019,0.0,0.87,0.13
140,@CBSNews,New evidence finds the nation's deadly opioid epidemic is worsening. A report from the CDC shows a nearly 30% jump‚Ä¶ https://t.co/5ww1pAHGrT,Wed Mar 07 13:18:38 +0000 2018,-0.4588,0.0,0.857,0.143
141,@CBSNews,"The opioid abuse epidemic is growing despite efforts to contain it. Ahead on @CBSThisMorning, @drtaranarula joins t‚Ä¶ https://t.co/16CvDwt2xm",Wed Mar 07 13:12:28 +0000 2018,-0.5423,0.078,0.731,0.192
142,@CBSNews,Nashville has a new acting mayor after the city's previous mayor pleaded guilty to felony theft &amp; resigned. Megan B‚Ä¶ https://t.co/l0ghOPoEWT,Wed Mar 07 13:09:14 +0000 2018,-0.8074,0.0,0.672,0.328
143,@CBSNews,.@CBSNewYork‚Äôs @LonnieQuinnTV is tracking the storm and has more on the forecast https://t.co/3UJjujmAb8 https://t.co/qRTaCl1tKS,Wed Mar 07 13:05:47 +0000 2018,0.0,0.0,1.0,0.0
144,@CBSNews,Tens of millions of people in the east are dealing with the second big storm in a week. Winter storm warnings are a‚Ä¶ https://t.co/kvc0UxgGfZ,Wed Mar 07 13:04:58 +0000 2018,-0.296,0.0,0.909,0.091
145,@CBSNews,"WATCH: Dash cam video shows a tree falling onto power lines, making sparks fly and narrowly miss a man during last‚Ä¶ https://t.co/iXo6ujtwZe",Wed Mar 07 13:00:24 +0000 2018,-0.296,0.0,0.849,0.151
146,@CBSNews,"RT @CBSThisMorning: ""She wants to tell her story because there's been so much misinformation out there and so much misinformation that's be‚Ä¶",Wed Mar 07 12:53:52 +0000 2018,-0.6318,0.0,0.795,0.205
147,@CBSNews,Here‚Äôs a look at some of this morning‚Äôs other headlines on @CBSThisMorning https://t.co/vDrx8Ntgye,Wed Mar 07 12:53:38 +0000 2018,0.0,0.0,1.0,0.0
148,@CBSNews,Former first lady Michelle Obama had an impromptu dance party with one of her youngest fans. Ahead on‚Ä¶ https://t.co/AtB0zTKRM3,Wed Mar 07 12:48:44 +0000 2018,0.4019,0.13,0.87,0.0
149,@CBSNews,Teachers in Oklahoma could be the next to go on strike over low wages. Educators there are the second lowest paid i‚Ä¶ https://t.co/wPcrkUuwAM,Wed Mar 07 12:44:17 +0000 2018,-0.6369,0.0,0.763,0.237
150,@CBSNews,COMING UP on @CBSThisMorning: @OmarVillafranca shows us how many Oklahoma schools are using a four-day week to recr‚Ä¶ https://t.co/iob6sO5CNy,Wed Mar 07 12:40:14 +0000 2018,0.0,0.0,1.0,0.0
151,@CBSNews,"Saudi Arabia's crown prince, Mohammed bin Salman, is giving his first U.S. interview to @NorahODonnell for‚Ä¶ https://t.co/uu3PzAQAES",Wed Mar 07 12:40:01 +0000 2018,0.34,0.13,0.87,0.0
152,@CBSNews,The lawyer for adult film star Stormy Daniels says she should be free to give her account of her relationship with‚Ä¶ https://t.co/OVLqDPUWFM,Wed Mar 07 12:35:26 +0000 2018,0.5106,0.136,0.864,0.0
153,@CBSNews,"Here are three things you should know this morning:
1‚É£Elephant trophy ban lifted
2‚É£FDA approves home breast cancer‚Ä¶ https://t.co/pzlM6g22xN",Wed Mar 07 12:32:35 +0000 2018,-0.2263,0.116,0.73,0.155
154,@CBSNews,RT @CBSThisMorning: .@CBSThisMorning co-host and @60Minutes contributing correspondent @NorahDonnell is back from spending a week in Saudi‚Ä¶,Wed Mar 07 12:24:58 +0000 2018,0.0,0.0,1.0,0.0
155,@CBSNews,AHEAD on @CBSThisMorning: The Trump administration is going back on its promise to stop imports of African elephant‚Ä¶ https://t.co/66sU2xnaxB,Wed Mar 07 12:21:00 +0000 2018,0.0258,0.107,0.791,0.102
156,@CBSNews,.@CBSThisMorning co-host and @60Minutes contributing correspondent @NorahODonnell is back from spending a week in S‚Ä¶ https://t.co/Ki6BGmZfqh,Wed Mar 07 12:20:01 +0000 2018,0.0,0.0,1.0,0.0
157,@CBSNews,"Teen who escaped a ""house of horrors"" in California posted videos on a secret YouTube account‚Ä¶ https://t.co/npWCGd2wgq",Wed Mar 07 12:20:01 +0000 2018,-0.5719,0.0,0.791,0.209
158,@CBSNews,S. Korea's president said it's too early to be optimistic about the denuclearization talks with N. Korea. Pres. Tru‚Ä¶ https://t.co/BhVjU3ntWj,Wed Mar 07 12:18:10 +0000 2018,0.3182,0.108,0.892,0.0
159,@CBSNews,"Gary Cohn, the president's top economic adviser, is the latest in a series of high-profile departures from the Trum‚Ä¶ https://t.co/WfolQwUlnC",Wed Mar 07 12:12:54 +0000 2018,0.2023,0.091,0.909,0.0
160,@CBSNews,Flooding is a big issue as a nor'easter spins up the coastline. Warnings and advisories are posted along the Mid-At‚Ä¶ https://t.co/C8PAL8zD6Q,Wed Mar 07 12:10:39 +0000 2018,-0.296,0.0,0.891,0.109
161,@CBSNews,The nor'easter is disrupting travel in many parts of the country. Amtrak canceled more than 50 trains in the Northe‚Ä¶ https://t.co/7hZKJAsGGd,Wed Mar 07 12:09:38 +0000 2018,0.0,0.0,1.0,0.0
162,@CBSNews,.@CBSNewYork's @LonnieQuinnTV has more on where this storm is going and how long it is going to last‚Ä¶ https://t.co/wqZls0pwwn,Wed Mar 07 12:07:57 +0000 2018,0.0,0.0,1.0,0.0
163,@CBSNews,A developing nor‚Äôeaster will bring heavy snow and strong winds to the Northeast. Don Dahler reports from Bala Cynwy‚Ä¶ https://t.co/XKwFyVNBWl,Wed Mar 07 12:06:34 +0000 2018,0.5106,0.155,0.845,0.0
164,@CBSNews,"A new GOP effort to dismantle Obama-era financial regulations is gaining traction --
thanks to support from Democra‚Ä¶ https://t.co/8D8nbdMAuB",Wed Mar 07 12:00:02 +0000 2018,0.8126,0.359,0.641,0.0
165,@CBSNews,Sen. Thad Cochran's retirement could give Democrats a real shot at another Deep South seat. But could Mississippi e‚Ä¶ https://t.co/JCt1Tkxi5E,Wed Mar 07 11:40:01 +0000 2018,0.0,0.0,1.0,0.0
166,@CBSNews,Coming up on @CBSThisMorning: Why some school districts are now switching to four-day weeks. We'll take you to Okla‚Ä¶ https://t.co/3dws1oHMN8,Wed Mar 07 11:30:01 +0000 2018,0.0,0.0,1.0,0.0
167,@CBSNews,Turkey's state-run news agency says police in Adana detained 13 ISIS suspects who were allegedly plotting attacks o‚Ä¶ https://t.co/ZRYlPWpGvJ,Wed Mar 07 11:21:01 +0000 2018,-0.7906,0.0,0.667,0.333
168,@CBSNews,"Ahead: @CBSThisMorning has correspondents spread out along the East Coast tracking the damaging wind, rain and snow‚Ä¶ https://t.co/nGVAjrFVag",Wed Mar 07 11:15:08 +0000 2018,-0.5106,0.0,0.837,0.163
169,@CBSNews,"Adult film performer Stormy Daniels, who received $130,000 from Donald Trump's personal attorney days before the 20‚Ä¶ https://t.co/3yTNz4h9ya",Wed Mar 07 11:01:29 +0000 2018,0.0,0.0,1.0,0.0
170,@CBSNews,Doctors' group issues controversial type 2 diabetes guidance https://t.co/PcUxDyjt1O https://t.co/R5ih9qFYT9,Wed Mar 07 10:48:04 +0000 2018,-0.2023,0.0,0.816,0.184
171,@CBSNews,UnitedHealthcare to pass drug rebates on to some customers https://t.co/sHVHD6x2re https://t.co/jznYNoKMcx,Wed Mar 07 10:33:05 +0000 2018,0.0,0.0,1.0,0.0
172,@CBSNews,Wreckage of U.S. aircraft carrier sunk in WWII found https://t.co/uwlf6M43ZP https://t.co/cx6YnsMfjq,Wed Mar 07 10:18:10 +0000 2018,0.0,0.0,1.0,0.0
173,@CBSNews,"Man accused of killing pregnant wife, taking pictures of body https://t.co/NcICOiPF0x https://t.co/AB20BpQ2ve",Wed Mar 07 10:03:25 +0000 2018,-0.765,0.0,0.602,0.398
174,@CBSNews,DA weighs in after Tennessee trooper is accused of groping woman during traffic stop https://t.co/46KEJjFrpB https://t.co/DvkHoREodu,Wed Mar 07 09:48:04 +0000 2018,-0.5267,0.0,0.761,0.239
175,@CBSNews,"Facing backlash, Miami Dolphins owner says he won't force players to stand during anthem https://t.co/wtl1n1Wc3J https://t.co/6vWibzSdKP",Wed Mar 07 09:33:04 +0000 2018,0.0,0.0,1.0,0.0
176,@CBSNews,"Kellyanne Conway violated the Hatch Act, Office of Special Counsel says https://t.co/UQvXhhQMUd https://t.co/AsYRCbOtZ5",Wed Mar 07 09:18:10 +0000 2018,-0.1779,0.158,0.643,0.199
177,@CBSNews,Top Emirates adviser cooperating with Mueller: Report https://t.co/t9QCMH9TV0 https://t.co/2MO246sueL,Wed Mar 07 09:03:46 +0000 2018,0.2023,0.184,0.816,0.0
178,@CBSNews,"Nashville Mayor Megan Barry pleads guilty to theft, resigns after admitting to affair https://t.co/UV4mWcCupv https://t.co/ENDuFGhMIr",Wed Mar 07 08:48:03 +0000 2018,-0.6249,0.0,0.718,0.282
179,@CBSNews,DNA leads to arrest in 1986 cold case slayings of two young women https://t.co/MvlCE4ftoX https://t.co/XQ0nkGJeCQ,Wed Mar 07 08:33:08 +0000 2018,-0.34,0.0,0.854,0.146
180,@CBSNews,"Man who yelled ""get out my country"" before shooting immigrants in bar pleads guilty https://t.co/66UvvMkSUu https://t.co/oNlJeuzM8j",Wed Mar 07 08:18:10 +0000 2018,-0.4215,0.0,0.843,0.157
181,@CBSNews,"Video shows man holding girl, 4, amid violent bar fight https://t.co/b00RQAO0vW https://t.co/E9YwTJ1856",Wed Mar 07 08:03:28 +0000 2018,-0.7579,0.0,0.606,0.394
182,@CBSNews,GoPro footage captures avalanche trapping snowboarder on California mountain https://t.co/FNaFQlTSZE https://t.co/VPDxhG2A8q,Wed Mar 07 07:48:04 +0000 2018,0.0,0.0,1.0,0.0
183,@CBSNews,"Tony Award-winning actress injured, daughter killed by car in crosswalk https://t.co/rPO7RgZ8Xc https://t.co/Lm5NseIaQK",Wed Mar 07 07:33:06 +0000 2018,-0.802,0.0,0.581,0.419
184,@CBSNews,"Prosecutor: Mom returned to work after 8-year-old son shot sister, 4 https://t.co/QHqxZP3eMD https://t.co/QGdJQ5Aodv",Wed Mar 07 07:18:10 +0000 2018,0.0,0.0,1.0,0.0
185,@CBSNews,Ex-ESPN on-air personality says in lawsuit male employees openly watched porn at work https://t.co/pjEQe3l38B https://t.co/fyrvfchyNV,Wed Mar 07 07:03:10 +0000 2018,-0.2263,0.0,0.881,0.119
186,@CBSNews,"Cop shot dead, 2 others wounded, suspect found dead in home https://t.co/Z0leIVkkAD https://t.co/m7kvHErhMw",Wed Mar 07 06:54:05 +0000 2018,-0.8957,0.0,0.455,0.545
187,@CBSNews,Man makes son run to school for being kicked off bus for bullying https://t.co/vw0FKUPDfi https://t.co/kDo8yCUvcR,Wed Mar 07 06:48:03 +0000 2018,-0.5994,0.0,0.782,0.218
188,@CBSNews,DNA evidence links 1994 Montana killing to convicted murderer https://t.co/womHAy2BSH https://t.co/rduGWiJjw6,Wed Mar 07 06:33:04 +0000 2018,-0.875,0.0,0.5,0.5
189,@CBSNews,Pregnant mom charged in Maine girl's beating death is being abused in jail: attorney https://t.co/K52TFxLin9 https://t.co/tn5LO50k7I,Wed Mar 07 06:18:09 +0000 2018,-0.9001,0.0,0.5,0.5
190,@CBSNews,"Police: Man raped daughter, fathered her 2 children https://t.co/dFGNTL5SsI https://t.co/74LkB4HrsR",Wed Mar 07 06:03:43 +0000 2018,-0.6808,0.0,0.635,0.365
191,@CBSNews,"Oprah Winfrey explores revolutionary approach to childhood trauma for ""60 Minutes"" https://t.co/BjOOJfFbHW https://t.co/xPFmarJsCm",Wed Mar 07 05:48:03 +0000 2018,-0.4215,0.0,0.811,0.189
192,@CBSNews,Basketball star Kevin Love opens up about panic attacks https://t.co/2QQtLDwfsP https://t.co/Eve7FYxoTF,Wed Mar 07 05:33:09 +0000 2018,-0.25,0.228,0.435,0.337
193,@CBSNews,"Japanese volcano spews ash, lava in strongest eruption in years https://t.co/BitRkvBvuq https://t.co/6JvZ8Fhx7l",Wed Mar 07 05:18:08 +0000 2018,0.4404,0.209,0.791,0.0
194,@CBSNews,Sen. Ted Cruz and Rep. Beto O'Rourke took the nomination for their respective parties in the primaries. Both will f‚Ä¶ https://t.co/YRKeBDsJLG,Wed Mar 07 05:07:56 +0000 2018,0.6705,0.224,0.776,0.0
195,@CBSNews,"Jared Kushner to visit Mexico, meet with Mexican president https://t.co/N27bWoM11j https://t.co/3IK7SLp23y",Wed Mar 07 05:00:11 +0000 2018,0.0,0.0,1.0,0.0
196,@CBSNews,McDonald's is serving Quarter Pounders with fresh beef rather than frozen patties at about a quarter of its U.S. re‚Ä¶ https://t.co/DbO5egblQq,Wed Mar 07 04:50:01 +0000 2018,0.3182,0.108,0.892,0.0
197,@CBSNews,"Texas' Republican Gov. Greg Abbott, who helped lead the state through Hurricane Harvey last fall, is all-but-certai‚Ä¶ https://t.co/qkvoNCGXLt",Wed Mar 07 04:43:32 +0000 2018,0.0,0.0,1.0,0.0
198,@CBSNews,The State Department announced it has determined North Korea used chemical weapons last year in the assassination o‚Ä¶ https://t.co/W8rLcp6kOt,Wed Mar 07 04:32:01 +0000 2018,-0.6597,0.095,0.635,0.27
199,@CBSNews,The Northeast is bracing for its second powerful storm in four days ‚Äì‚Äì even as cities along the East Coast have yet‚Ä¶ https://t.co/KttH6kVXBZ,Wed Mar 07 04:25:03 +0000 2018,0.4215,0.113,0.887,0.0
200,@CNN,Students and teachers in West Virginia are back to school today for the first time in nearly two weeks after educat‚Ä¶ https://t.co/CynuWqAbyH,Wed Mar 07 16:20:13 +0000 2018,0.0,0.0,1.0,0.0
201,@CNN,"Airbus announces it will move or cut 3,700 jobs across Europe because of reduced demand for its A380 superjumbo and‚Ä¶ https://t.co/7c8pREVwj0",Wed Mar 07 16:10:07 +0000 2018,-0.3818,0.0,0.841,0.159
202,@CNN,Dating app Bumble is banning photos with guns from its platform https://t.co/LMahJTYlYO https://t.co/h9nLhSMklN,Wed Mar 07 16:10:07 +0000 2018,0.0,0.0,1.0,0.0
203,@CNN,"BlackBerry sues Facebook, along with its subsidiaries WhatsApp and Instagram, for infringing on its messaging paten‚Ä¶ https://t.co/u9uQi1pYjA",Wed Mar 07 16:01:44 +0000 2018,0.0,0.0,1.0,0.0
204,@CNN,White House aide Kellyanne Conway is the latest of President Trump's top employees to receive an official reprimand‚Ä¶ https://t.co/QhJocNUVYK,Wed Mar 07 15:51:29 +0000 2018,0.2023,0.091,0.909,0.0
205,@CNN,"A 20-year-old man has filed a lawsuit against Dick's Sporting Goods, accusing the retailer of age discrimination fo‚Ä¶ https://t.co/3G5sWzM1iT",Wed Mar 07 15:41:14 +0000 2018,-0.3818,0.0,0.806,0.194
206,@CNN,"Michelle Obama dances with Parker Curry, the little girl who was transfixed by a portrait of the former first lady‚Ä¶ https://t.co/CaIuufp2wn",Wed Mar 07 15:41:10 +0000 2018,0.0,0.0,1.0,0.0
207,@CNN,"Cecil the lion ""suffered incredible cruelty for at least 10 hours"" before he died, according to a new book‚Ä¶ https://t.co/pvSCZGOooG",Wed Mar 07 15:30:19 +0000 2018,-0.8934,0.0,0.599,0.401
208,@CNN,"Commerce Secretary Wilbur Ross: We'll do tariffs ""without blowing up the world"" https://t.co/WXSvHqiL75 https://t.co/rVTWEflvhM",Wed Mar 07 15:20:13 +0000 2018,0.0,0.0,1.0,0.0
209,@CNN,The Democrat who will face off against Texas Sen. Ted Cruz in the Texas Senate race later this year is defending hi‚Ä¶ https://t.co/SEECQfNLRR,Wed Mar 07 15:10:15 +0000 2018,0.0,0.0,1.0,0.0
210,@CNN,Texas is poised to send its first 2 Latina politicians to Congress https://t.co/NMi2kAzU2r https://t.co/ObTYtraVkC,Wed Mar 07 15:00:13 +0000 2018,0.25,0.143,0.857,0.0
211,@CNN,Democrats were hoping to make a statement in last night's Texas primary. But the results make it clear that Texas s‚Ä¶ https://t.co/JEKdzaXsZT,Wed Mar 07 14:50:08 +0000 2018,0.6597,0.221,0.779,0.0
212,@CNN,"White House senior adviser Jared Kushner is traveling to Mexico today for meetings, including one with Mexican Pres‚Ä¶ https://t.co/uLiYWzoHi2",Wed Mar 07 14:40:08 +0000 2018,0.0,0.0,1.0,0.0
213,@CNN,More than 50 million people are under winter storm warnings and watches as a second nor'easter in the span of a wee‚Ä¶ https://t.co/6QWHjBgqo8,Wed Mar 07 14:30:20 +0000 2018,-0.296,0.0,0.901,0.099
214,@CNN,Rafael (Ted) Cruz justifies mocking Robert (Beto) O'Rourke's name https://t.co/TKG9SVXGOf https://t.co/jCKsukDvM7,Wed Mar 07 14:20:17 +0000 2018,-0.4019,0.0,0.787,0.213
215,@CNN,Genetic testing company 23andMe has been give federal approval to sell at-home kits that test for three breast canc‚Ä¶ https://t.co/upxStaWMiH,Wed Mar 07 14:11:31 +0000 2018,0.4767,0.14,0.86,0.0
216,@CNN,Olympic figure skater Adam Rippon says he is now willing to meet with Vice President Mike Pence: ‚ÄúNow is the right‚Ä¶ https://t.co/kqtQ3Vd1fD,Wed Mar 07 14:09:18 +0000 2018,0.0,0.0,1.0,0.0
217,@CNN,"What happened in Trump‚Äôs White House the day he said there was ""no chaos""

- Office of Special Counsel announces Ke‚Ä¶ https://t.co/p8cXl4KTLu",Wed Mar 07 14:00:06 +0000 2018,-0.4939,0.102,0.677,0.222
218,@CNN,"The world's oldest known message in a bottle has been found on an Australian beach, nearly 132 years after it was t‚Ä¶ https://t.co/wcef389Cpz",Wed Mar 07 13:54:00 +0000 2018,0.0,0.0,1.0,0.0
219,@CNN,"Barbie unveils dolls based on real-life figures including Amelia Earhart, Frida Kahlo, Katherine Johnson and Chloe‚Ä¶ https://t.co/0ns5aOabTe",Wed Mar 07 13:49:48 +0000 2018,0.0,0.0,1.0,0.0
220,@CNN,Students and teachers in West Virginia are back to school today for the first time in nearly two weeks after educat‚Ä¶ https://t.co/CynuWqAbyH,Wed Mar 07 16:20:13 +0000 2018,0.0,0.0,1.0,0.0
221,@CNN,"Airbus announces it will move or cut 3,700 jobs across Europe because of reduced demand for its A380 superjumbo and‚Ä¶ https://t.co/7c8pREVwj0",Wed Mar 07 16:10:07 +0000 2018,-0.3818,0.0,0.841,0.159
222,@CNN,Dating app Bumble is banning photos with guns from its platform https://t.co/LMahJTYlYO https://t.co/h9nLhSMklN,Wed Mar 07 16:10:07 +0000 2018,0.0,0.0,1.0,0.0
223,@CNN,"BlackBerry sues Facebook, along with its subsidiaries WhatsApp and Instagram, for infringing on its messaging paten‚Ä¶ https://t.co/u9uQi1pYjA",Wed Mar 07 16:01:44 +0000 2018,0.0,0.0,1.0,0.0
224,@CNN,White House aide Kellyanne Conway is the latest of President Trump's top employees to receive an official reprimand‚Ä¶ https://t.co/QhJocNUVYK,Wed Mar 07 15:51:29 +0000 2018,0.2023,0.091,0.909,0.0
225,@CNN,"A 20-year-old man has filed a lawsuit against Dick's Sporting Goods, accusing the retailer of age discrimination fo‚Ä¶ https://t.co/3G5sWzM1iT",Wed Mar 07 15:41:14 +0000 2018,-0.3818,0.0,0.806,0.194
226,@CNN,"Michelle Obama dances with Parker Curry, the little girl who was transfixed by a portrait of the former first lady‚Ä¶ https://t.co/CaIuufp2wn",Wed Mar 07 15:41:10 +0000 2018,0.0,0.0,1.0,0.0
227,@CNN,"Cecil the lion ""suffered incredible cruelty for at least 10 hours"" before he died, according to a new book‚Ä¶ https://t.co/pvSCZGOooG",Wed Mar 07 15:30:19 +0000 2018,-0.8934,0.0,0.599,0.401
228,@CNN,"Commerce Secretary Wilbur Ross: We'll do tariffs ""without blowing up the world"" https://t.co/WXSvHqiL75 https://t.co/rVTWEflvhM",Wed Mar 07 15:20:13 +0000 2018,0.0,0.0,1.0,0.0
229,@CNN,The Democrat who will face off against Texas Sen. Ted Cruz in the Texas Senate race later this year is defending hi‚Ä¶ https://t.co/SEECQfNLRR,Wed Mar 07 15:10:15 +0000 2018,0.0,0.0,1.0,0.0
230,@CNN,Texas is poised to send its first 2 Latina politicians to Congress https://t.co/NMi2kAzU2r https://t.co/ObTYtraVkC,Wed Mar 07 15:00:13 +0000 2018,0.25,0.143,0.857,0.0
231,@CNN,Democrats were hoping to make a statement in last night's Texas primary. But the results make it clear that Texas s‚Ä¶ https://t.co/JEKdzaXsZT,Wed Mar 07 14:50:08 +0000 2018,0.6597,0.221,0.779,0.0
232,@CNN,"White House senior adviser Jared Kushner is traveling to Mexico today for meetings, including one with Mexican Pres‚Ä¶ https://t.co/uLiYWzoHi2",Wed Mar 07 14:40:08 +0000 2018,0.0,0.0,1.0,0.0
233,@CNN,More than 50 million people are under winter storm warnings and watches as a second nor'easter in the span of a wee‚Ä¶ https://t.co/6QWHjBgqo8,Wed Mar 07 14:30:20 +0000 2018,-0.296,0.0,0.901,0.099
234,@CNN,Rafael (Ted) Cruz justifies mocking Robert (Beto) O'Rourke's name https://t.co/TKG9SVXGOf https://t.co/jCKsukDvM7,Wed Mar 07 14:20:17 +0000 2018,-0.4019,0.0,0.787,0.213
235,@CNN,Genetic testing company 23andMe has been give federal approval to sell at-home kits that test for three breast canc‚Ä¶ https://t.co/upxStaWMiH,Wed Mar 07 14:11:31 +0000 2018,0.4767,0.14,0.86,0.0
236,@CNN,Olympic figure skater Adam Rippon says he is now willing to meet with Vice President Mike Pence: ‚ÄúNow is the right‚Ä¶ https://t.co/kqtQ3Vd1fD,Wed Mar 07 14:09:18 +0000 2018,0.0,0.0,1.0,0.0
237,@CNN,"What happened in Trump‚Äôs White House the day he said there was ""no chaos""

- Office of Special Counsel announces Ke‚Ä¶ https://t.co/p8cXl4KTLu",Wed Mar 07 14:00:06 +0000 2018,-0.4939,0.102,0.677,0.222
238,@CNN,"The world's oldest known message in a bottle has been found on an Australian beach, nearly 132 years after it was t‚Ä¶ https://t.co/wcef389Cpz",Wed Mar 07 13:54:00 +0000 2018,0.0,0.0,1.0,0.0
239,@CNN,"Barbie unveils dolls based on real-life figures including Amelia Earhart, Frida Kahlo, Katherine Johnson and Chloe‚Ä¶ https://t.co/0ns5aOabTe",Wed Mar 07 13:49:48 +0000 2018,0.0,0.0,1.0,0.0
240,@CNN,Vice President Mike Pence hits the campaign trail https://t.co/PVEisp1cZd https://t.co/ffcnIQcdrU,Wed Mar 07 13:37:31 +0000 2018,0.0,0.0,1.0,0.0
241,@CNN,Chris Cuomo asks Sen. Ted Cruz why he‚Äôs criticizing his Democratic challenger Beto O‚ÄôRourke for going by the childh‚Ä¶ https://t.co/M3dkD762eG,Wed Mar 07 13:23:59 +0000 2018,-0.25,0.068,0.818,0.114
242,@CNN,"Sorry, Hollywood. Netflix rules the media world https://t.co/vpEG5W7BU8 https://t.co/uzscDmpMqw",Wed Mar 07 13:17:58 +0000 2018,-0.0772,0.0,0.86,0.14
243,@CNN,"The production company behind ""Wolf of Wall Street"" will pay the US government $60 million to settle a lawsuit that‚Ä¶ https://t.co/cvMVBEIHla",Wed Mar 07 13:10:06 +0000 2018,-0.3182,0.0,0.845,0.155
244,@CNN,"RT @CNNPolitics: Sen. Ted Cruz's Democratic challenger, Beto O'Rourke, says he was encouraged by last night's primary results https://t.co/‚Ä¶",Wed Mar 07 13:05:54 +0000 2018,0.4588,0.19,0.81,0.0
245,@CNN,"In Trump's White House, the conflict is the chaos | Analysis by @zbyronwolf¬†https://t.co/nIOVMxFu6W https://t.co/UhglhCrQSx",Wed Mar 07 13:04:04 +0000 2018,-0.7184,0.0,0.667,0.333
246,@CNN,"RT @CNNPolitics: Sen. Ted Cruz defends his ad mocking Beto O'Rourke's name, saying it was meant to highlight the Democrat's liberal policy‚Ä¶",Wed Mar 07 12:59:37 +0000 2018,-0.0772,0.096,0.797,0.108
247,@CNN,"Texas Sen. Ted Cruz: ""The extreme left right now is energized. They are angry. They hate the President... That bein‚Ä¶ https://t.co/MiLsFEYGb1",Wed Mar 07 12:49:47 +0000 2018,-0.5719,0.117,0.636,0.247
248,@CNN,"The powerful ""bomb cyclone"" that battered the Northeast over the weekend also uncovered the wreckage of a ship that‚Ä¶ https://t.co/O0nvoa3xWF",Wed Mar 07 12:43:05 +0000 2018,-0.1027,0.122,0.739,0.139
249,@CNN,"A onetime symbol of integrity, Megan Barry made history as Nashville's first female mayor. But she stepped down aft‚Ä¶ https://t.co/ozizgbE0hY",Wed Mar 07 12:32:25 +0000 2018,0.3818,0.126,0.874,0.0
250,@CNN,A woman has found the world's oldest known message in a bottle after it washed up on an Australian beach. The messa‚Ä¶ https://t.co/DqSAOVsEhf,Wed Mar 07 12:22:28 +0000 2018,0.0,0.0,1.0,0.0
251,@CNN,"5 things for Wednesday:

- White House
- Immigration
- North Korea
- UK and Russia
- Weather‚Ä¶ https://t.co/JxyrsLSDqG",Wed Mar 07 12:20:07 +0000 2018,0.0,0.0,1.0,0.0
252,@CNN,"The Northeast is getting another winter storm, just after a weekend nor'easter brought wind, snow and flooding to t‚Ä¶ https://t.co/I9eFuRo5zD",Wed Mar 07 12:10:01 +0000 2018,0.0,0.0,1.0,0.0
253,@CNN,Coca-Cola is launching an alcoholic drink in Japan https://t.co/MCpqpxSJT5 https://t.co/OwnrKWTpVh,Wed Mar 07 12:00:30 +0000 2018,0.0,0.0,1.0,0.0
254,@CNN,The 2-year-old girl who was transfixed by a portrait of Michelle Obama last week got to meet the real person -- and‚Ä¶ https://t.co/wqJLhdblCt,Wed Mar 07 11:50:29 +0000 2018,0.0,0.0,1.0,0.0
255,@CNN,"""Dumpster fire"" is in the Merriam-Webster dictionary now, defined as ""an utterly calamitous or mismanaged situation‚Ä¶ https://t.co/DRFxVBlH8g",Wed Mar 07 11:42:05 +0000 2018,-0.4588,0.0,0.789,0.211
256,@CNN,"Gary Cohn's sudden resignation as President Trump's top economic adviser has rattled Wall Street, stoking fears the‚Ä¶ https://t.co/NUZqX4ZWo7",Wed Mar 07 11:30:04 +0000 2018,-0.4939,0.083,0.688,0.229
257,@CNN,"The Trump administration has quietly said it will consider big game trophy imports on a ""case-by-case"" basis‚Ä¶ https://t.co/EYCc91kKuF",Wed Mar 07 11:23:56 +0000 2018,0.0,0.0,1.0,0.0
258,@CNN,"Gary Cohn's sudden resignation as President Donald Trump's top economic adviser has rattled Wall Street, stoking fe‚Ä¶ https://t.co/WHgDWkDPLK",Wed Mar 07 10:56:16 +0000 2018,-0.1027,0.09,0.8,0.11
259,@CNN,Mississippi could be the first state with 15-week abortion ban https://t.co/eU8lTfOp2L https://t.co/a7oBl31scw,Wed Mar 07 10:40:45 +0000 2018,-0.5574,0.0,0.753,0.247
260,@CNN,"The porn star known as Stormy Daniels is suing President Trump, claiming that he never signed a hush agreement abou‚Ä¶ https://t.co/IPSNkHeZN7",Wed Mar 07 10:30:16 +0000 2018,-0.5759,0.0,0.792,0.208
261,@CNN,"Detained. Beaten. Threatened with acid, rape and abuse. But the women protesting Iran's compulsory hijab law are no‚Ä¶ https://t.co/stzgy7LKka",Wed Mar 07 10:24:04 +0000 2018,-0.9648,0.0,0.392,0.608
262,@CNN,The US government says it's sanctioning North Korea after deeming its government responsible for the murder of Kim‚Ä¶ https://t.co/sicW5sp56a,Wed Mar 07 09:59:28 +0000 2018,-0.5267,0.096,0.708,0.196
263,@CNN,China's most popular social media app has amassed 1 billion users. But it's going to have trouble attracting anothe‚Ä¶ https://t.co/gBO0wEVKpB,Wed Mar 07 09:47:40 +0000 2018,0.5413,0.249,0.643,0.108
264,@CNN,"The USS Carl Vinson has moored just off the coast of Da Nang, Vietnam. It is the first time a US Navy aircraft carr‚Ä¶ https://t.co/Re0BRv8AKu",Wed Mar 07 09:35:03 +0000 2018,0.0,0.0,1.0,0.0
265,@CNN,"At least 78 people have died in Nigeria with hundreds more infected in an outbreak of Lassa fever, the Nigeria Cent‚Ä¶ https://t.co/itaVcs8lvo",Wed Mar 07 09:22:57 +0000 2018,-0.796,0.0,0.738,0.262
266,@CNN,"The powerful ""bomb cyclone"" that battered the Northeast over the weekend also uncovered the wreckage of a ship that‚Ä¶ https://t.co/y2NnFsg8dR",Wed Mar 07 09:10:50 +0000 2018,-0.1027,0.122,0.739,0.139
267,@CNN,"The porn star known as Stormy Daniels is suing President Trump, claiming that he never signed a hush agreement abou‚Ä¶ https://t.co/Cg3YmwcgKL",Wed Mar 07 08:58:05 +0000 2018,-0.5759,0.0,0.792,0.208
268,@CNN,This man's efforts to escape police went horribly wrong. He ditched his car but forgot to put it in park and was wi‚Ä¶ https://t.co/XG13ONmgaL,Wed Mar 07 08:47:33 +0000 2018,-0.4404,0.051,0.789,0.16
269,@CNN,Genetic testing company 23andMe has been give federal approval to sell at-home kits that test for three breast canc‚Ä¶ https://t.co/dKO2wwWv1v,Wed Mar 07 08:31:05 +0000 2018,0.4767,0.14,0.86,0.0
270,@CNN,"Barbie unveils dolls based on real-life figures including Amelia Earhart, Frida Kahlo, Katherine Johnson and Chloe‚Ä¶ https://t.co/ie8mF1w7fl",Wed Mar 07 08:26:23 +0000 2018,0.0,0.0,1.0,0.0
271,@CNN,Lego sales have dropped for the first time in 13 years https://t.co/xuBwV6VbIB https://t.co/FdTxH8HIfI,Wed Mar 07 08:01:03 +0000 2018,0.0,0.0,1.0,0.0
272,@CNN,"Britain's Boris Johnson says the UK would respond ""robustly"" if Russia is found to be behind the suspected poisonin‚Ä¶ https://t.co/mIObjrPMEY",Wed Mar 07 08:00:36 +0000 2018,-0.2263,0.0,0.909,0.091
273,@CNN,"Matsushima Bay, one of Japan's fabled three most scenic places, is made up of 260 islands. And the area also has so‚Ä¶ https://t.co/aB3c3cFzw1",Wed Mar 07 07:44:49 +0000 2018,0.0,0.0,1.0,0.0
274,@CNN,McDonald's announces that Quarter Pounders in every US store except for ones in Hawaii and Alaska will have fresh b‚Ä¶ https://t.co/lyDCDRpgjc,Wed Mar 07 07:31:04 +0000 2018,0.3182,0.103,0.897,0.0
275,@CNN,Sakura -- or cherry blossoms -- are one of the enduring symbols of Japan. Here are some great destinations to exper‚Ä¶ https://t.co/pPEQGYh4SG,Wed Mar 07 07:30:05 +0000 2018,0.6249,0.163,0.837,0.0
276,@CNN,"A police officer was killed and two others injured during a shooting at a residence in Missouri on Tuesday night, a‚Ä¶ https://t.co/XYX7snpwLa",Wed Mar 07 07:09:30 +0000 2018,-0.802,0.0,0.702,0.298
277,@CNN,"Over 1.3 million live animals and plants, and a similar number of animal skins, have been exported from Africa to A‚Ä¶ https://t.co/xrHyzDsyt4",Wed Mar 07 07:01:07 +0000 2018,0.0772,0.061,0.939,0.0
278,@CNN,Mississippi could be the first state with 15-week abortion ban https://t.co/K44D5iQJSa https://t.co/XYIwT6YDis,Wed Mar 07 06:45:12 +0000 2018,-0.5574,0.0,0.753,0.247
279,@CNN,"Cruz vs. O'Rourke is set, but 3 House races head to runoffs in Texas primary https://t.co/20SNN2YQmL https://t.co/b5qn7BgQXr",Wed Mar 07 06:41:49 +0000 2018,0.0,0.0,1.0,0.0
280,@CNN,Trump teeters on the edge of a familiar North Korean trap | Analysis by @StCollinson https://t.co/ODUETpLhes https://t.co/sbdYukPjB2,Wed Mar 07 06:39:42 +0000 2018,-0.3182,0.0,0.859,0.141
281,@CNN,The US government says it's sanctioning North Korea after deeming its government responsible for the murder of Kim‚Ä¶ https://t.co/dReKNZhIMa,Wed Mar 07 06:35:07 +0000 2018,-0.5267,0.096,0.708,0.196
282,@CNN,"Inspired by her travels, this artist paints stunning pictures on tea bags https://t.co/7ajfYCzNRi https://t.co/4Kg4vM1yKy",Wed Mar 07 06:31:07 +0000 2018,0.7003,0.326,0.674,0.0
283,@CNN,The Taliban banned women from being journalists in Afghanistan. Now the country has an all-female television networ‚Ä¶ https://t.co/tFriI2F1XB,Wed Mar 07 06:21:13 +0000 2018,-0.4588,0.0,0.85,0.15
284,@CNN,"The Trump administration has quietly said it will consider big game trophy imports on a ""case-by-case"" basis‚Ä¶ https://t.co/HBZBMkgmny",Wed Mar 07 06:01:03 +0000 2018,0.0,0.0,1.0,0.0
285,@CNN,"Britain's Boris Johnson says the UK would respond ""robustly"" if Russia is found to be behind the suspected poisonin‚Ä¶ https://t.co/AMIiaud1IO",Wed Mar 07 05:57:08 +0000 2018,-0.2263,0.0,0.909,0.091
286,@CNN,"Barbie unveils dolls based on real-life figures including Amelia Earhart, Frida Kahlo, Katherine Johnson and Chloe‚Ä¶ https://t.co/8XiANn14pu",Wed Mar 07 05:46:04 +0000 2018,0.0,0.0,1.0,0.0
287,@CNN,"From 1 apostle to 1.2 billion followers, witness the evolution of a global icon. #Pope premieres Sunday at 10p on C‚Ä¶ https://t.co/blZmEci910",Wed Mar 07 05:45:06 +0000 2018,0.0,0.0,1.0,0.0
288,@CNN,"""Dumpster fire"" is in the Merriam-Webster dictionary now, defined as ""an utterly calamitous or mismanaged situation‚Ä¶ https://t.co/KoaxexDN86",Wed Mar 07 05:31:06 +0000 2018,-0.4588,0.0,0.789,0.211
289,@CNN,The 2-year-old who was awestruck at a portrait of Michelle Obama got to meet the former first lady in person. What‚Ä¶ https://t.co/JwY737FbwZ,Wed Mar 07 05:27:37 +0000 2018,0.0,0.0,1.0,0.0
290,@CNN,"RT @CNNTonight: ""Hopefully, the portrait will continue to inspire other little ones just like Parker and hopefully our visit will inspire o‚Ä¶",Wed Mar 07 05:16:04 +0000 2018,0.9069,0.407,0.593,0.0
291,@CNN,"The powerful ""bomb cyclone"" that battered the Northeast over the weekend also uncovered the wreckage of a ship that‚Ä¶ https://t.co/SM1SAylVIp",Wed Mar 07 05:16:03 +0000 2018,-0.1027,0.122,0.739,0.139
292,@CNN,"RT @CNNTonight: Michelle Obama dances with Parker Curry, her littlest fan: ""It was a surreal moment"" https://t.co/RX8g81xyYq https://t.co/W‚Ä¶",Wed Mar 07 05:14:27 +0000 2018,0.3182,0.126,0.874,0.0
293,@CNN,Thousands of dead starfish have washed up on a beach in the United Kingdom https://t.co/h26b8NEhr7 https://t.co/nFPVX9BYPB,Wed Mar 07 05:01:57 +0000 2018,-0.3612,0.139,0.647,0.214
294,@CNN,Bill Cosby's defense team plans to use a civil settlement between the comedian and the woman accusing him of assaul‚Ä¶ https://t.co/xbqUDFVjSL,Wed Mar 07 04:51:07 +0000 2018,0.34,0.18,0.746,0.075
295,@CNN,11 tax deductions and other ways to cut your 2017 tax bill https://t.co/EbRmkjR9Tv https://t.co/oQ7Eqhx2W2,Wed Mar 07 04:46:05 +0000 2018,-0.2732,0.0,0.861,0.139
296,@CNN,Why House Speaker Paul Ryan can't (legally) stop a Trump trade war https://t.co/IWnpJqyc71 https://t.co/DsN58O4HDF,Wed Mar 07 04:38:04 +0000 2018,-0.461,0.112,0.655,0.232
297,@CNN,"Jimmy Kimmel sent Guillermo to the Oscars red carpet again, and he didn't disappoint https://t.co/2CqXgIutkF https://t.co/mOXCODA3zf",Wed Mar 07 04:28:03 +0000 2018,0.3089,0.131,0.869,0.0
298,@CNN,This man's efforts to escape police went horribly wrong. He ditched his car but forgot to put it in park and was wi‚Ä¶ https://t.co/9dN0bYpbvm,Wed Mar 07 04:21:34 +0000 2018,-0.4404,0.051,0.789,0.16
299,@CNN,The biggest thing Trump gets wrong on trade https://t.co/aNL8pmJiYK via @CNNMoney https://t.co/YlX7RdR2GJ,Wed Mar 07 04:21:04 +0000 2018,-0.4767,0.0,0.78,0.22
300,@FoxNews,".@RepMattGaetz: ""In 2015, there was a federal court filing where Russian officials were calling Carter Page an idio‚Ä¶ https://t.co/vCLWurwE9C",Wed Mar 07 16:25:29 +0000 2018,0.0,0.0,1.0,0.0
301,@FoxNews,Attorney General Jeff Sessions makes a major sanctuary jurisdiction announcement https://t.co/6zAQn2UOUj https://t.co/9B55owLNC1,Wed Mar 07 16:19:55 +0000 2018,0.0,0.0,1.0,0.0
302,@FoxNews,"Missouri officer killed, 2 wounded responding to 911 call https://t.co/HypEjnCtXg https://t.co/fGC2sXbkqN",Wed Mar 07 16:15:35 +0000 2018,-0.6705,0.0,0.667,0.333
303,@FoxNews,.@JerryBrownGov tweets about AG Jeff Sessons' visit to California. https://t.co/6zAQn2UOUj https://t.co/qwzHvX3HYS,Wed Mar 07 16:09:30 +0000 2018,0.0,0.0,1.0,0.0
304,@FoxNews,"COMING UP: AG Sessions expected to announce lawsuit against California over ""sanctuary state"" policies.‚Ä¶ https://t.co/lyp8UDAXIV",Wed Mar 07 16:05:19 +0000 2018,-0.2263,0.0,0.881,0.119
305,@FoxNews,"On @foxandfriends, @TomiLahren slammed the priorities of today's Democratic Party. https://t.co/fJMaI5NlPC https://t.co/EruzVc1p0L",Wed Mar 07 15:59:54 +0000 2018,0.4019,0.197,0.803,0.0
306,@FoxNews,".@NancyPelosi slams California @ICEgov raid as 'unjust and cruel,' amid outcry over mayor's tipoff to immigrants
https://t.co/zvkVpNYiHy",Wed Mar 07 15:52:37 +0000 2018,-0.765,0.0,0.694,0.306
307,@FoxNews,.@seanspicer Blasts 'Carnival Barker' Jim @Acosta Over Twitter Spat With Sanders https://t.co/SmjFs04L2P,Wed Mar 07 15:48:17 +0000 2018,0.0,0.0,1.0,0.0
308,@FoxNews,".@TGowdySC: ""I don't know why the bureau would use opposition research in a court filing and they didn't bother to‚Ä¶ https://t.co/9noNZPTapQ",Wed Mar 07 15:38:21 +0000 2018,0.2584,0.097,0.903,0.0
309,@FoxNews,".@TomiLahren: ""I think [@tedcruz's] going to win. I think he's going to win big, as are the rest of the Republicans‚Ä¶ https://t.co/X6CPVJRZhE",Wed Mar 07 15:35:04 +0000 2018,0.8225,0.286,0.714,0.0
310,@FoxNews,First women attend Marine Combat Training Course at Camp Pendleton. https://t.co/HEs7GW2I0E,Wed Mar 07 15:29:33 +0000 2018,-0.34,0.0,0.806,0.194
311,@FoxNews,Sen. @KamalaHarris slammed President @realDonaldTrump and his AG after the Trump @TheJusticeDept filed a lawsuit ag‚Ä¶ https://t.co/Lq8M7s1afE,Wed Mar 07 15:27:01 +0000 2018,-0.2263,0.0,0.888,0.112
312,@FoxNews,House Democratic leaders hold a news conference https://t.co/NrVJtslqyd,Wed Mar 07 15:25:40 +0000 2018,0.0,0.0,1.0,0.0
313,@FoxNews,Trump Administration resignations/firings. https://t.co/xU9KZNRC6I,Wed Mar 07 15:22:07 +0000 2018,0.0,0.0,1.0,0.0
314,@FoxNews,"RT @FoxBusiness: .@POTUS: ""I like different points of view, but the White House has a tremendous energy and we have tremendous talent."" htt‚Ä¶",Wed Mar 07 15:22:03 +0000 2018,0.5267,0.18,0.82,0.0
315,@FoxNews,TONIGHT: Attorney General Jeff Sessions sits down with @ShannonBream for an exclusive interview on ‚ÄúFox News @ Nigh‚Ä¶ https://t.co/iHUGv0EQga,Wed Mar 07 15:15:03 +0000 2018,0.128,0.081,0.919,0.0
316,@FoxNews,".@MarshaBlackburn: ""Secure the Southern border, end chain migration, end the diversity lottery, get this wall built‚Ä¶ https://t.co/2aoBbBjypT",Wed Mar 07 15:14:59 +0000 2018,0.34,0.13,0.87,0.0
317,@FoxNews,".@PressSec: ""[#GaryCohn's] been an integral member of the administration and he's going to continue to be a voice t‚Ä¶ https://t.co/RTI25d81hm",Wed Mar 07 15:10:37 +0000 2018,0.0,0.0,1.0,0.0
318,@FoxNews,'We're Always Faithful to One Another': Marine Donates Kidney to Fellow Marine https://t.co/7y99p7AeRE,Wed Mar 07 14:54:58 +0000 2018,0.4404,0.195,0.805,0.0
319,@FoxNews,"Missouri police officer killed, 2 others wounded in shooting; suspect dead https://t.co/ah4FXgVmyL",Wed Mar 07 14:51:45 +0000 2018,-0.9001,0.0,0.421,0.579
320,@FoxNews,".@RepMattGaetz: ""In 2015, there was a federal court filing where Russian officials were calling Carter Page an idio‚Ä¶ https://t.co/vCLWurwE9C",Wed Mar 07 16:25:29 +0000 2018,0.0,0.0,1.0,0.0
321,@FoxNews,Attorney General Jeff Sessions makes a major sanctuary jurisdiction announcement https://t.co/6zAQn2UOUj https://t.co/9B55owLNC1,Wed Mar 07 16:19:55 +0000 2018,0.0,0.0,1.0,0.0
322,@FoxNews,"Missouri officer killed, 2 wounded responding to 911 call https://t.co/HypEjnCtXg https://t.co/fGC2sXbkqN",Wed Mar 07 16:15:35 +0000 2018,-0.6705,0.0,0.667,0.333
323,@FoxNews,.@JerryBrownGov tweets about AG Jeff Sessons' visit to California. https://t.co/6zAQn2UOUj https://t.co/qwzHvX3HYS,Wed Mar 07 16:09:30 +0000 2018,0.0,0.0,1.0,0.0
324,@FoxNews,"COMING UP: AG Sessions expected to announce lawsuit against California over ""sanctuary state"" policies.‚Ä¶ https://t.co/lyp8UDAXIV",Wed Mar 07 16:05:19 +0000 2018,-0.2263,0.0,0.881,0.119
325,@FoxNews,"On @foxandfriends, @TomiLahren slammed the priorities of today's Democratic Party. https://t.co/fJMaI5NlPC https://t.co/EruzVc1p0L",Wed Mar 07 15:59:54 +0000 2018,0.4019,0.197,0.803,0.0
326,@FoxNews,".@NancyPelosi slams California @ICEgov raid as 'unjust and cruel,' amid outcry over mayor's tipoff to immigrants
https://t.co/zvkVpNYiHy",Wed Mar 07 15:52:37 +0000 2018,-0.765,0.0,0.694,0.306
327,@FoxNews,.@seanspicer Blasts 'Carnival Barker' Jim @Acosta Over Twitter Spat With Sanders https://t.co/SmjFs04L2P,Wed Mar 07 15:48:17 +0000 2018,0.0,0.0,1.0,0.0
328,@FoxNews,".@TGowdySC: ""I don't know why the bureau would use opposition research in a court filing and they didn't bother to‚Ä¶ https://t.co/9noNZPTapQ",Wed Mar 07 15:38:21 +0000 2018,0.2584,0.097,0.903,0.0
329,@FoxNews,".@TomiLahren: ""I think [@tedcruz's] going to win. I think he's going to win big, as are the rest of the Republicans‚Ä¶ https://t.co/X6CPVJRZhE",Wed Mar 07 15:35:04 +0000 2018,0.8225,0.286,0.714,0.0
330,@FoxNews,First women attend Marine Combat Training Course at Camp Pendleton. https://t.co/HEs7GW2I0E,Wed Mar 07 15:29:33 +0000 2018,-0.34,0.0,0.806,0.194
331,@FoxNews,Sen. @KamalaHarris slammed President @realDonaldTrump and his AG after the Trump @TheJusticeDept filed a lawsuit ag‚Ä¶ https://t.co/Lq8M7s1afE,Wed Mar 07 15:27:01 +0000 2018,-0.2263,0.0,0.888,0.112
332,@FoxNews,House Democratic leaders hold a news conference https://t.co/NrVJtslqyd,Wed Mar 07 15:25:40 +0000 2018,0.0,0.0,1.0,0.0
333,@FoxNews,Trump Administration resignations/firings. https://t.co/xU9KZNRC6I,Wed Mar 07 15:22:07 +0000 2018,0.0,0.0,1.0,0.0
334,@FoxNews,"RT @FoxBusiness: .@POTUS: ""I like different points of view, but the White House has a tremendous energy and we have tremendous talent."" htt‚Ä¶",Wed Mar 07 15:22:03 +0000 2018,0.5267,0.18,0.82,0.0
335,@FoxNews,TONIGHT: Attorney General Jeff Sessions sits down with @ShannonBream for an exclusive interview on ‚ÄúFox News @ Nigh‚Ä¶ https://t.co/iHUGv0EQga,Wed Mar 07 15:15:03 +0000 2018,0.128,0.081,0.919,0.0
336,@FoxNews,".@MarshaBlackburn: ""Secure the Southern border, end chain migration, end the diversity lottery, get this wall built‚Ä¶ https://t.co/2aoBbBjypT",Wed Mar 07 15:14:59 +0000 2018,0.34,0.13,0.87,0.0
337,@FoxNews,".@PressSec: ""[#GaryCohn's] been an integral member of the administration and he's going to continue to be a voice t‚Ä¶ https://t.co/RTI25d81hm",Wed Mar 07 15:10:37 +0000 2018,0.0,0.0,1.0,0.0
338,@FoxNews,'We're Always Faithful to One Another': Marine Donates Kidney to Fellow Marine https://t.co/7y99p7AeRE,Wed Mar 07 14:54:58 +0000 2018,0.4404,0.195,0.805,0.0
339,@FoxNews,"Missouri police officer killed, 2 others wounded in shooting; suspect dead https://t.co/ah4FXgVmyL",Wed Mar 07 14:51:45 +0000 2018,-0.9001,0.0,0.421,0.579
340,@FoxNews,"20-year-old sues Dick's, Walmart over new gun policies (via @FoxBusiness) https://t.co/7yrhzGXh6U",Wed Mar 07 14:22:32 +0000 2018,-0.34,0.0,0.806,0.194
341,@FoxNews,".@TGowdySC: ‚ÄúThe Department of Justice has a conflict, so they should not conduct this investigation‚Ä¶ I think speci‚Ä¶ https://t.co/VAjzWsCyiY",Wed Mar 07 14:13:21 +0000 2018,0.2732,0.164,0.725,0.111
342,@FoxNews,'It Makes Me Angry': Biden Says Some Dems 'Don't Get' Blue-Collar Voters https://t.co/fJMaI5NlPC,Wed Mar 07 14:05:08 +0000 2018,0.0,0.0,1.0,0.0
343,@FoxNews,.@WVGovernor: ‚ÄúEvery aspect of what the Trump administration is doing is helping us in every way.‚Äù https://t.co/szzi9G6pzY,Wed Mar 07 14:02:08 +0000 2018,0.296,0.121,0.879,0.0
344,@FoxNews,"RT @FoxBusiness: .@stevenmnuchin1: ""NAFTA is an old deal. [@POTUS] wants to renegotiate that deal."" https://t.co/QGgis0u789",Wed Mar 07 13:47:05 +0000 2018,0.0,0.0,1.0,0.0
345,@FoxNews,"RT @FoxBusiness: .@stevenmnuchin1: ""This is about making sure that American companies have a level playing field."" https://t.co/Vp2VzPRena‚Ä¶",Wed Mar 07 13:46:51 +0000 2018,0.4767,0.227,0.773,0.0
346,@FoxNews,".@SenatorTester: ‚ÄúDodd-Frank, when passed after the meltdown‚Ä¶ was an important piece of legislation to hold Wall St‚Ä¶ https://t.co/YqoFBhSHu2",Wed Mar 07 13:43:18 +0000 2018,0.2023,0.096,0.904,0.0
347,@FoxNews,.@SenatorTester: ‚ÄúI believe in the Second Amendment.‚Äù https://t.co/KZ4bm8cCtx,Wed Mar 07 13:39:25 +0000 2018,0.0,0.0,1.0,0.0
348,@FoxNews,".@SenatorTester: ‚ÄúWe need to work to keep our kids safe, while respecting the Second Amendment.‚Äù https://t.co/5TEVk4bFvX",Wed Mar 07 13:35:55 +0000 2018,0.7269,0.303,0.697,0.0
349,@FoxNews,OPINION: Trump‚Äôs North Korea pressure campaign is working -- Here‚Äôs what must happen next https://t.co/kn5GqGIAE1,Wed Mar 07 13:31:14 +0000 2018,-0.296,0.0,0.864,0.136
350,@FoxNews,.@RepKevinBrady: The president feels strongly about trade. @foxandfriends https://t.co/7UksdtVPEx,Wed Mar 07 13:29:54 +0000 2018,0.2732,0.208,0.792,0.0
351,@FoxNews,"Plane crashes into Florida home, two people injured https://t.co/TKSV1YFHaq",Wed Mar 07 13:27:41 +0000 2018,-0.4019,0.0,0.748,0.252
352,@FoxNews,"Sgt. Bryan Weber: ‚ÄúOf course I‚Äôm going to want to do what I can, my part, to help him.‚Äù @foxandfriends https://t.co/qaDx16PN0H",Wed Mar 07 13:19:38 +0000 2018,0.4588,0.182,0.818,0.0
353,@FoxNews,"‚ÄúWe‚Äôre always faithful to one another. We don‚Äôt believe in leaving one behind.""

WATCH: U.S. Marine donates kidney‚Ä¶ https://t.co/w4pkPk4Cgj",Wed Mar 07 13:10:03 +0000 2018,0.4404,0.139,0.861,0.0
354,@FoxNews,"Nor'easter may bring more than a foot of snow, power outages across Northeast (@travfed, @JaniceDean) https://t.co/aVOnnA2nKp",Wed Mar 07 12:47:15 +0000 2018,0.0,0.0,1.0,0.0
355,@FoxNews,Hector Barreto: This tax bill is really helping these small businesses and the workers of these small businesses.‚Ä¶ https://t.co/eFkSvBZvUw,Wed Mar 07 12:45:23 +0000 2018,0.3597,0.122,0.878,0.0
356,@FoxNews,Seattle homeless man rejoices after judge rules his truck is a home https://t.co/GSG46X6UC9,Wed Mar 07 12:41:09 +0000 2018,0.4767,0.22,0.78,0.0
357,@FoxNews,.@POTUS to speak at Latino Coalition summit https://t.co/vrFGKlrgxn,Wed Mar 07 12:38:19 +0000 2018,0.0,0.0,1.0,0.0
358,@FoxNews,.@Judgenap on DOJ suing California over 'interference' with immigration enforcement https://t.co/6zAQn2UOUj‚Ä¶ https://t.co/atP0wou5mR,Wed Mar 07 12:34:39 +0000 2018,-0.2732,0.0,0.84,0.16
359,@FoxNews,The slain Missouri police officer was identified as 30-year-old Christopher Ryan Morton https://t.co/ah4FXgVmyL,Wed Mar 07 12:29:47 +0000 2018,0.0,0.0,1.0,0.0
360,@FoxNews,Wild otter attacks 77-year-old Florida kayaker: 'It didn't want to come off' https://t.co/gHGFSq80gA,Wed Mar 07 12:17:21 +0000 2018,-0.4805,0.0,0.727,0.273
361,@FoxNews,"Harry Kazianis: ""I think President Trump deserves an A+ for his North Korea policy."" @foxandfriends‚Ä¶ https://t.co/770prYWV03",Wed Mar 07 12:14:41 +0000 2018,0.0,0.0,1.0,0.0
362,@FoxNews,.@JaniceDean gives an update on the weather on @foxandfriends https://t.co/avC80LOTDy https://t.co/mJb9UfIrxh,Wed Mar 07 12:06:05 +0000 2018,0.0,0.0,1.0,0.0
363,@FoxNews,".@TomiLahren: ""This sheriff placing illegal immigrants over police officers, Texans aren't going to like it. Americ‚Ä¶ https://t.co/Oqqh3mG9XM",Wed Mar 07 11:55:04 +0000 2018,-0.6917,0.0,0.724,0.276
364,@FoxNews,".@TomiLahren: ‚ÄúI think that there are enough conservatives, enough Republicans in Texas to keep it red.‚Äù‚Ä¶ https://t.co/zb70uQwEsG",Wed Mar 07 11:43:48 +0000 2018,0.0,0.0,1.0,0.0
365,@FoxNews,"Study claiming Uber, Lyft drivers made $3.37 per hour gets revised upward https://t.co/yERGAABOJg #fntech (via @christocarbone)",Wed Mar 07 11:36:00 +0000 2018,0.0,0.0,1.0,0.0
366,@FoxNews,"Dr. Domenick Sportelli: ""It's an important part of social development to lose, to get frustrated, to be disappointe‚Ä¶ https://t.co/3VwTkMWM36",Wed Mar 07 11:28:59 +0000 2018,-0.6486,0.075,0.669,0.255
367,@FoxNews,Man in suit attacks straphanger at Times Square subway station: cops https://t.co/9UwQ3g41L4,Wed Mar 07 11:25:31 +0000 2018,-0.4404,0.0,0.791,0.209
368,@FoxNews,"Just in time for International Women‚Äôs Day, Barbie is releasing an entire collection of dolls inspired by boundary-‚Ä¶ https://t.co/hgzYJBbUGp",Wed Mar 07 11:14:27 +0000 2018,0.4939,0.151,0.849,0.0
369,@FoxNews,S. Korean president says talks won't ease pressure on North https://t.co/aymMFkNpPr,Wed Mar 07 11:10:35 +0000 2018,-0.0572,0.145,0.692,0.162
370,@FoxNews,OPINION: Prayers and a happiness journal -- How a mom found hope after losing twins https://t.co/VFBYtIztc5,Wed Mar 07 11:07:32 +0000 2018,0.5994,0.323,0.547,0.129
371,@FoxNews,The first McDonald's menu ever is revealed https://t.co/olaXrEq902,Wed Mar 07 10:59:26 +0000 2018,0.0,0.0,1.0,0.0
372,@FoxNews,".@Judgenap: ""I am critical of special counsels generally, because they go all over the place.""‚Ä¶ https://t.co/mAOL3xL8xk",Wed Mar 07 10:57:59 +0000 2018,0.1027,0.142,0.737,0.121
373,@FoxNews,"Teens who stole motor oil quickly arrested after getaway car runs out of gas, police say https://t.co/TBgnYuHkRd",Wed Mar 07 10:51:47 +0000 2018,-0.4767,0.0,0.838,0.162
374,@FoxNews,George P. Bush fights off challenger for land commissioner https://t.co/1l6ZwOxmg3,Wed Mar 07 10:42:38 +0000 2018,-0.296,0.123,0.656,0.221
375,@FoxNews,".@AmbJohnBolton: ""[North Korean leaders] fear Donald #Trump...they've finally figured out he's not Barack #Obama.""‚Ä¶ https://t.co/Uru3quok3a",Wed Mar 07 10:39:16 +0000 2018,-0.4939,0.0,0.814,0.186
376,@FoxNews,"Model, photographer each fined $300 for nude photo shoot at PA strip mall https://t.co/lyAguxs4QY",Wed Mar 07 10:33:25 +0000 2018,-0.34,0.0,0.844,0.156
377,@FoxNews,China says US is wasting money on sending ships to South China Sea: report https://t.co/2vgK2tg0wk,Wed Mar 07 10:27:24 +0000 2018,-0.4019,0.0,0.838,0.162
378,@FoxNews,".@nedryun on Texas primary elections: ""Don't forget the power of incumbency, and let's not forget #Texas is still a‚Ä¶ https://t.co/2DBBRRwWXa",Wed Mar 07 10:24:26 +0000 2018,0.3252,0.156,0.844,0.0
379,@FoxNews,OPINION: #Trump needs to test North Korea's intentions -- Now https://t.co/nHmtAhwaMB,Wed Mar 07 10:19:08 +0000 2018,0.0,0.0,1.0,0.0
380,@FoxNews,NBA owner Mark Cuban was investigated for sexually assaulting woman in 2011 https://t.co/u8lsjeKhO4,Wed Mar 07 10:16:51 +0000 2018,-0.5106,0.0,0.784,0.216
381,@FoxNews,"1 Missouri police officer killed, 2 others wounded in shooting; suspect dead https://t.co/AMG1KB5cQ3 https://t.co/FcTI3GiyOs",Wed Mar 07 10:08:36 +0000 2018,-0.9001,0.0,0.45,0.55
382,@FoxNews,Latest on massive winter storm slamming the Northeast https://t.co/avC80LOTDy https://t.co/8IuRCIaumz,Wed Mar 07 10:00:38 +0000 2018,0.0,0.0,1.0,0.0
383,@FoxNews,"Gary Cohn, WH chief economic adviser, announces resignation hours after signaling he won't back tariffs https://t.co/qJySvSv5Un",Wed Mar 07 09:53:21 +0000 2018,-0.296,0.0,0.872,0.128
384,@FoxNews,"You might be a millennial, according to new study https://t.co/qUq1fPf9VR",Wed Mar 07 09:52:11 +0000 2018,0.0,0.0,1.0,0.0
385,@FoxNews,Surge in voter turnout in #Texas 2018 midterm primary elections https://t.co/suqIH8Aieb https://t.co/WnKW8aTKkM,Wed Mar 07 09:45:25 +0000 2018,0.0,0.0,1.0,0.0
386,@FoxNews,"'Bachelor' finally ends with Arie proposing ... again, and the announcement of the next bachelorette https://t.co/WDUItJzzcc",Wed Mar 07 09:38:33 +0000 2018,0.0,0.0,1.0,0.0
387,@FoxNews,".@TGowdySC, @RepGoodlatte demand appointment of special counsel, citing FISA abuses https://t.co/19CsPb499y https://t.co/cUZOKfpmAN",Wed Mar 07 09:37:13 +0000 2018,-0.34,0.161,0.536,0.304
388,@FoxNews,#Trump denies chaos: Can his zig-zag style bring results? https://t.co/N9xUzKIMNy,Wed Mar 07 09:34:06 +0000 2018,-0.7579,0.0,0.552,0.448
389,@FoxNews,Soldier's Medal awarded to Special Forces member who saved 2 lives in North Carolina https://t.co/rBTAH6DABD,Wed Mar 07 09:32:06 +0000 2018,0.8834,0.531,0.469,0.0
390,@FoxNews,"Former @CIA analyst Fred Fleitz: ""I want us to pursue these talks, but I'm extremely skeptical. North Korea has a h‚Ä¶ https://t.co/3Ermxts5jt",Wed Mar 07 09:30:21 +0000 2018,-0.5006,0.049,0.807,0.144
391,@FoxNews,"Dr. Rebecca Grant: ""@realDonaldTrump basically rushed into a burning house to reverse our North Korea policy.‚Ä¶ https://t.co/gHhy67AE4c",Wed Mar 07 09:24:05 +0000 2018,0.3612,0.143,0.857,0.0
392,@FoxNews,Starbucks drive-thru refuses to serve horse-riding teen https://t.co/3RynIcJIog,Wed Mar 07 09:20:00 +0000 2018,0.0,0.0,1.0,0.0
393,@FoxNews,"Dr. Rebecca Grant on North Korea: ""That Olympic diplomacy appears to have gotten us on the right track.""‚Ä¶ https://t.co/xJRmXx8dX0",Wed Mar 07 09:18:26 +0000 2018,0.3612,0.122,0.878,0.0
394,@FoxNews,#Trump DOJ sues California over 'interference' with immigration enforcement https://t.co/6zAQn2UOUj,Wed Mar 07 09:15:00 +0000 2018,0.0,0.0,1.0,0.0
395,@FoxNews,Attorney General Jeff Sessions heading to Sacramento today to make announcement on sanctuary city policy https://t.co/5Sp9WV8vjM,Wed Mar 07 09:10:32 +0000 2018,0.0,0.0,1.0,0.0
396,@FoxNews,Tens of thousands of dead sea creatures wash up on British beach https://t.co/DSS7Xb9o0I,Wed Mar 07 09:10:00 +0000 2018,-0.6486,0.0,0.736,0.264
397,@FoxNews,$5.9M settlement OK'd for inmate who suffered brain injury behind bars https://t.co/cFwUaFYArA,Wed Mar 07 09:05:00 +0000 2018,-0.7184,0.0,0.625,0.375
398,@FoxNews,JUMPING FOR JOY: The crowd went wild during half-time at the basketball game between the Florida Gators and Kentuck‚Ä¶ https://t.co/qtovqHDdPw,Wed Mar 07 08:55:00 +0000 2018,0.6739,0.193,0.807,0.0
399,@FoxNews,Saudi prince says Qatar won't be barred from Arab summit https://t.co/JBqw5M94KO,Wed Mar 07 08:50:00 +0000 2018,0.0,0.0,1.0,0.0
400,@nytimes,Business leaders are lamenting the loss of one of their own from what is among the U.S.‚Äôs most important economic p‚Ä¶ https://t.co/jQSiXJWgIC,Wed Mar 07 16:23:02 +0000 2018,-0.4951,0.079,0.72,0.201
401,@nytimes,"If ""The Bachelor"" is love, our watchers agree, let's all die alone https://t.co/xc05ijrKCu",Wed Mar 07 16:15:10 +0000 2018,0.2023,0.31,0.417,0.273
402,@nytimes,"Stocks fell in early trading on Wall Street, a day after President Trump‚Äôs top economic adviser, Gary Cohn, said he‚Ä¶ https://t.co/u6bhiuVrqN",Wed Mar 07 16:06:02 +0000 2018,0.2023,0.087,0.913,0.0
403,@nytimes,"In Opinion

Op-Ed contributor Victor Blue writes, ""Afghanistan is more dangerous for civilians than ever. Without r‚Ä¶ https://t.co/pvvpG3xXYZ",Wed Mar 07 16:00:30 +0000 2018,-0.5256,0.0,0.834,0.166
404,@nytimes,"The picture shows a boy perched on a sofa, reaching for a pink flower. It's the sort of snapshot parents all over t‚Ä¶ https://t.co/UlAZ7auLOe",Wed Mar 07 15:51:07 +0000 2018,0.2023,0.083,0.917,0.0
405,@nytimes,"RT @nytimesworld: Caught between two allies: The U.S. is under pressure from Turkey, a NATO member, to stop American-backed Kurdish forces‚Ä¶",Wed Mar 07 15:39:39 +0000 2018,-0.5267,0.0,0.804,0.196
406,@nytimes,"In Opinion,

Op-Ed contributor John Quiggin writes, ""Dividing society by generation obscures the real and enduring‚Ä¶ https://t.co/WXt8afIYia",Wed Mar 07 15:37:05 +0000 2018,0.0,0.0,1.0,0.0
407,@nytimes,"Anatoly Lein, a Russian-born American chess grandmaster who was among the world's top 30 players at his peak, has d‚Ä¶ https://t.co/g5Lhw4W44i",Wed Mar 07 15:33:05 +0000 2018,0.2023,0.087,0.913,0.0
408,@nytimes,"Balkrishna Doshi, 90, a pioneer of low-cost housing, was awarded the Pritzker Prize, architecture‚Äôs highest honor https://t.co/Vyaev36ebw",Wed Mar 07 15:30:00 +0000 2018,0.8481,0.414,0.586,0.0
409,@nytimes,"When her father's request for ""compassionate release"" was finally approved, prison officials told her he'd be comin‚Ä¶ https://t.co/SWp3DsZjrD",Wed Mar 07 15:18:03 +0000 2018,0.4019,0.247,0.617,0.136
410,@nytimes,EU officials unveiled an array of tariffs that they would place on American-made goods if the United States imposed‚Ä¶ https://t.co/raGb0ZOtvu,Wed Mar 07 15:11:06 +0000 2018,0.4215,0.128,0.872,0.0
411,@nytimes,Morning¬†Briefing: Here's what you need to know to start your day https://t.co/CTZm6dLWwI https://t.co/5LoYSE9X98,Wed Mar 07 15:00:37 +0000 2018,0.0,0.0,1.0,0.0
412,@nytimes,Jimmy Kimmel struck back at President Trump after Trump ribbed the Academy Awards show for its low ratings. Our lat‚Ä¶ https://t.co/vvXJEuZJ7Q,Wed Mar 07 14:50:11 +0000 2018,-0.0258,0.12,0.717,0.163
413,@nytimes,The United States Holocaust Memorial Museum has revoked a prestigious human rights award it had given to Daw Aung S‚Ä¶ https://t.co/a7VU7BS5Cz,Wed Mar 07 14:40:09 +0000 2018,0.743,0.259,0.741,0.0
414,@nytimes,"Cynthia Nixon, the ""Sex and the City"" actress, is studying up on the subway: It's a weak spot for Governor Cuomo, w‚Ä¶ https://t.co/Xy67VISSG9",Wed Mar 07 14:30:05 +0000 2018,-0.4404,0.0,0.879,0.121
415,@nytimes,President Trump's claims are often contradicted by his own economic council https://t.co/y6Rrp52yFH,Wed Mar 07 14:15:08 +0000 2018,-0.3182,0.0,0.827,0.173
416,@nytimes,"""Turning off the buzzing breaking-news machine I carry in my pocket was like unshackling myself from a monster who‚Ä¶ https://t.co/uJoNbN2aeT",Wed Mar 07 14:00:14 +0000 2018,0.3612,0.128,0.872,0.0
417,@nytimes,Donald Trump intentionally never signed a nondisclosure agreement in 2016 so that he could later disavow knowledge‚Ä¶ https://t.co/QfnUpr91w9,Wed Mar 07 13:44:01 +0000 2018,-0.3875,0.0,0.859,0.141
418,@nytimes,"Democrats in Texas's biggest cities came out in large numbers, but Republicans still cast more ballots over all https://t.co/W7zA9zgl9s",Wed Mar 07 13:30:20 +0000 2018,0.0,0.0,1.0,0.0
419,@nytimes,"For the first time, a Belgian criminal court has convicted a man of ""sexism in the public space,"" for verbally abus‚Ä¶ https://t.co/Akm6HzLB6C",Wed Mar 07 13:14:06 +0000 2018,-0.5267,0.0,0.848,0.152
420,@nytimes,Business leaders are lamenting the loss of one of their own from what is among the U.S.‚Äôs most important economic p‚Ä¶ https://t.co/jQSiXJWgIC,Wed Mar 07 16:23:02 +0000 2018,-0.4951,0.079,0.72,0.201
421,@nytimes,"If ""The Bachelor"" is love, our watchers agree, let's all die alone https://t.co/xc05ijrKCu",Wed Mar 07 16:15:10 +0000 2018,0.2023,0.31,0.417,0.273
422,@nytimes,"Stocks fell in early trading on Wall Street, a day after President Trump‚Äôs top economic adviser, Gary Cohn, said he‚Ä¶ https://t.co/u6bhiuVrqN",Wed Mar 07 16:06:02 +0000 2018,0.2023,0.087,0.913,0.0
423,@nytimes,"In Opinion

Op-Ed contributor Victor Blue writes, ""Afghanistan is more dangerous for civilians than ever. Without r‚Ä¶ https://t.co/pvvpG3xXYZ",Wed Mar 07 16:00:30 +0000 2018,-0.5256,0.0,0.834,0.166
424,@nytimes,"The picture shows a boy perched on a sofa, reaching for a pink flower. It's the sort of snapshot parents all over t‚Ä¶ https://t.co/UlAZ7auLOe",Wed Mar 07 15:51:07 +0000 2018,0.2023,0.083,0.917,0.0
425,@nytimes,"RT @nytimesworld: Caught between two allies: The U.S. is under pressure from Turkey, a NATO member, to stop American-backed Kurdish forces‚Ä¶",Wed Mar 07 15:39:39 +0000 2018,-0.5267,0.0,0.804,0.196
426,@nytimes,"In Opinion,

Op-Ed contributor John Quiggin writes, ""Dividing society by generation obscures the real and enduring‚Ä¶ https://t.co/WXt8afIYia",Wed Mar 07 15:37:05 +0000 2018,0.0,0.0,1.0,0.0
427,@nytimes,"Anatoly Lein, a Russian-born American chess grandmaster who was among the world's top 30 players at his peak, has d‚Ä¶ https://t.co/g5Lhw4W44i",Wed Mar 07 15:33:05 +0000 2018,0.2023,0.087,0.913,0.0
428,@nytimes,"Balkrishna Doshi, 90, a pioneer of low-cost housing, was awarded the Pritzker Prize, architecture‚Äôs highest honor https://t.co/Vyaev36ebw",Wed Mar 07 15:30:00 +0000 2018,0.8481,0.414,0.586,0.0
429,@nytimes,"When her father's request for ""compassionate release"" was finally approved, prison officials told her he'd be comin‚Ä¶ https://t.co/SWp3DsZjrD",Wed Mar 07 15:18:03 +0000 2018,0.4019,0.247,0.617,0.136
430,@nytimes,EU officials unveiled an array of tariffs that they would place on American-made goods if the United States imposed‚Ä¶ https://t.co/raGb0ZOtvu,Wed Mar 07 15:11:06 +0000 2018,0.4215,0.128,0.872,0.0
431,@nytimes,Morning¬†Briefing: Here's what you need to know to start your day https://t.co/CTZm6dLWwI https://t.co/5LoYSE9X98,Wed Mar 07 15:00:37 +0000 2018,0.0,0.0,1.0,0.0
432,@nytimes,Jimmy Kimmel struck back at President Trump after Trump ribbed the Academy Awards show for its low ratings. Our lat‚Ä¶ https://t.co/vvXJEuZJ7Q,Wed Mar 07 14:50:11 +0000 2018,-0.0258,0.12,0.717,0.163
433,@nytimes,The United States Holocaust Memorial Museum has revoked a prestigious human rights award it had given to Daw Aung S‚Ä¶ https://t.co/a7VU7BS5Cz,Wed Mar 07 14:40:09 +0000 2018,0.743,0.259,0.741,0.0
434,@nytimes,"Cynthia Nixon, the ""Sex and the City"" actress, is studying up on the subway: It's a weak spot for Governor Cuomo, w‚Ä¶ https://t.co/Xy67VISSG9",Wed Mar 07 14:30:05 +0000 2018,-0.4404,0.0,0.879,0.121
435,@nytimes,President Trump's claims are often contradicted by his own economic council https://t.co/y6Rrp52yFH,Wed Mar 07 14:15:08 +0000 2018,-0.3182,0.0,0.827,0.173
436,@nytimes,"""Turning off the buzzing breaking-news machine I carry in my pocket was like unshackling myself from a monster who‚Ä¶ https://t.co/uJoNbN2aeT",Wed Mar 07 14:00:14 +0000 2018,0.3612,0.128,0.872,0.0
437,@nytimes,Donald Trump intentionally never signed a nondisclosure agreement in 2016 so that he could later disavow knowledge‚Ä¶ https://t.co/QfnUpr91w9,Wed Mar 07 13:44:01 +0000 2018,-0.3875,0.0,0.859,0.141
438,@nytimes,"Democrats in Texas's biggest cities came out in large numbers, but Republicans still cast more ballots over all https://t.co/W7zA9zgl9s",Wed Mar 07 13:30:20 +0000 2018,0.0,0.0,1.0,0.0
439,@nytimes,"For the first time, a Belgian criminal court has convicted a man of ""sexism in the public space,"" for verbally abus‚Ä¶ https://t.co/Akm6HzLB6C",Wed Mar 07 13:14:06 +0000 2018,-0.5267,0.0,0.848,0.152
440,@nytimes,Morning¬†Briefing: Here's what you need to know to start your day https://t.co/uJRYazQhjP https://t.co/4H4BoT74GQ,Wed Mar 07 13:00:32 +0000 2018,0.0,0.0,1.0,0.0
441,@nytimes,"Gary Cohn, President Trump's top economic adviser, said that he would resign. His free-trade views clashed with Tru‚Ä¶ https://t.co/n3KOtz8jSg",Wed Mar 07 12:45:06 +0000 2018,-0.1531,0.085,0.802,0.113
442,@nytimes,Full results and maps from the Texas primaries https://t.co/WhLZDBW58T,Wed Mar 07 12:30:08 +0000 2018,0.0,0.0,1.0,0.0
443,@nytimes,A winter storm is set to blanket New York with snow this morning. Here's what you need to know for your commute: https://t.co/dElaiWOkhQ,Wed Mar 07 12:14:07 +0000 2018,0.0,0.0,1.0,0.0
444,@nytimes,South Korean envoys said that North Korea was open to negotiations with the United States over its nuclear program https://t.co/DoRWBTTx3q,Wed Mar 07 12:00:28 +0000 2018,0.4215,0.128,0.872,0.0
445,@nytimes,Republicans fear that moving ahead with the tariffs could send the party ‚Äî not to mention the economy ‚Äî spiraling i‚Ä¶ https://t.co/0cuEHwIWWc,Wed Mar 07 11:44:03 +0000 2018,-0.128,0.113,0.753,0.134
446,@nytimes,Morning¬†Briefing: Here's what you need to know to start your day https://t.co/FQ9skfd8cD https://t.co/FOqSi6yT1I,Wed Mar 07 11:30:19 +0000 2018,0.0,0.0,1.0,0.0
447,@nytimes,The Northeast United States is bracing for the second major winter storm in less than a week. A foot of snow is exp‚Ä¶ https://t.co/Jb1W82k8bd,Wed Mar 07 11:13:02 +0000 2018,0.4215,0.118,0.882,0.0
448,@nytimes,"RT @PatrickKingsley: On Sunday, Sergey Skripal seems to have turned right past the library, down an alleyway, past the gym on the left, ove‚Ä¶",Wed Mar 07 11:00:26 +0000 2018,0.0,0.0,1.0,0.0
449,@nytimes,How Trump's tariffs would affect Australia https://t.co/DxNa9Uoqdf,Wed Mar 07 10:45:12 +0000 2018,0.0,0.0,1.0,0.0
450,@nytimes,"RT @nytimesworld: Millions of women and children work as sex slaves in India. Meet the woman who has put her life at risk to rescue 20,000‚Ä¶",Wed Mar 07 10:30:14 +0000 2018,0.296,0.112,0.816,0.071
451,@nytimes,"""Citizens have become traumatized. People are confused and frightened and many more are refusing to return to their‚Ä¶ https://t.co/3I9mkvKTWT",Wed Mar 07 10:16:06 +0000 2018,-0.8714,0.0,0.58,0.42
452,@nytimes,"George Nader, an adviser to the United Arab Emirates who grew close to Steve Bannon and Jared Kushner, is cooperati‚Ä¶ https://t.co/EGTzbbvr4L",Wed Mar 07 10:00:10 +0000 2018,0.4215,0.123,0.877,0.0
453,@nytimes,RT @nytimesworld: North Korea‚Äôs sudden willingness to bargain with the Trump administration over scrapping the North's atomic arsenal raise‚Ä¶,Wed Mar 07 09:44:01 +0000 2018,0.4404,0.187,0.813,0.0
454,@nytimes,"UN investigators have linked Russian forces to a possible war crime in Syria for the first time, reporting that a R‚Ä¶ https://t.co/ynSAIA0FwQ",Wed Mar 07 09:30:06 +0000 2018,-0.8126,0.0,0.709,0.291
455,@nytimes,RT @nytimesworld: A jaywalker who insulted a female police officer has become the first man convicted under a Belgian law against public se‚Ä¶,Wed Mar 07 09:16:04 +0000 2018,-0.5106,0.0,0.852,0.148
456,@nytimes,"Stormy Daniels files suit, claiming Trump never signed ""hush agreement"" https://t.co/M7cjoMjSYQ",Wed Mar 07 09:02:03 +0000 2018,-0.3875,0.0,0.792,0.208
457,@nytimes,"RT @nytimesworld: As North Korea opens the door to diplomacy, an assassination leads to new American sanctions https://t.co/5EbNUH1qLJ",Wed Mar 07 08:47:02 +0000 2018,-0.5994,0.0,0.813,0.187
458,@nytimes,"Low-effort, high-reward cooking for when you're hungry and exhausted https://t.co/BisvP4ThKl https://t.co/BFtCXRh0IA",Wed Mar 07 08:32:07 +0000 2018,-0.3612,0.0,0.8,0.2
459,@nytimes,RT @AKannapell: What We‚Äôre Reading: @JaneMayerNYer on Christopher Steele (via @jimrutenberg) and @nkulish on tallness in @topicstories (via‚Ä¶,Wed Mar 07 08:17:02 +0000 2018,0.0,0.0,1.0,0.0
460,@nytimes,TRENDING: How Skipping Hotel Housekeeping Can Help the Environment and Your Wallet https://t.co/xygqPAPdZD,Wed Mar 07 08:09:43 +0000 2018,0.4019,0.184,0.816,0.0
461,@nytimes,"In one of China‚Äôs biggest cities, the women-only subway cars are full of men https://t.co/yvtLlhRESu",Wed Mar 07 08:02:03 +0000 2018,0.0,0.0,1.0,0.0
462,@nytimes,"The actress Cynthia Nixon is talking with 2 veteran Democratic political operatives, a sign that she may be moving‚Ä¶ https://t.co/DUSvcFYKbv",Wed Mar 07 07:38:54 +0000 2018,0.0,0.0,1.0,0.0
463,@nytimes,One famous designer chair is oozing goop. Another has exploded into puffs of foam. A bookcase‚Äôs shelves bubbled as‚Ä¶ https://t.co/3PXFWCB6Fn,Wed Mar 07 07:21:27 +0000 2018,0.0,0.0,1.0,0.0
464,@nytimes,"""It's always good news when you find penguins,"" a researcher says of the discovery of 1.5 million Ad√©lie penguins i‚Ä¶ https://t.co/RRHHQZW7LO",Wed Mar 07 07:04:23 +0000 2018,0.4404,0.132,0.868,0.0
465,@nytimes,RT @nytimesworld: North Korea‚Äôs sudden willingness to bargain with the Trump administration over scrapping the North's atomic arsenal raise‚Ä¶,Wed Mar 07 06:48:04 +0000 2018,0.4404,0.187,0.813,0.0
466,@nytimes,"Texas Democrats Surge to Polls, in Show of Anti-Trump Sentiment https://t.co/PBsqMXisUY",Wed Mar 07 06:41:56 +0000 2018,0.0,0.0,1.0,0.0
467,@nytimes,The organizer of the failed Fyre Festival pleaded guilty to federal fraud charges https://t.co/qCeFSNOPKz,Wed Mar 07 06:21:01 +0000 2018,-0.8316,0.132,0.372,0.496
468,@nytimes,"A cruise skeptic tries to enjoy 4 days on the high seas with his family, Mickey and a bunch of princesses https://t.co/novYdBgYIt",Wed Mar 07 06:03:13 +0000 2018,0.3182,0.145,0.769,0.086
469,@nytimes,"RT @nytimestravel: Did @jadabird, our 52 Places Traveler, love @DisneySprings. No. But she did have some magical moments. https://t.co/eojt‚Ä¶",Wed Mar 07 05:47:04 +0000 2018,0.4588,0.179,0.726,0.094
470,@nytimes,How the shape of your ears affects what you hear https://t.co/Dzj8tebpZE,Wed Mar 07 05:32:02 +0000 2018,0.0,0.0,1.0,0.0
471,@nytimes,"RT @nytopinion: I got my son involuntarily committed, and it backfired. Laws like the Baker Act aren't a solution to our mental health cris‚Ä¶",Wed Mar 07 05:17:02 +0000 2018,0.3895,0.18,0.743,0.077
472,@nytimes,Here's the 2018 election calendar https://t.co/eEQxkRTuXK,Wed Mar 07 05:02:10 +0000 2018,0.0,0.0,1.0,0.0
473,@nytimes,Organizer of Failed Fyre Festival Pleads Guilty to Fraud https://t.co/trsShlQG88,Wed Mar 07 04:58:41 +0000 2018,-0.7717,0.168,0.314,0.518
474,@nytimes,"An employee at OpenTable booked hundreds of tables at Chicago restaurants, using a rival service, with the intent o‚Ä¶ https://t.co/83eBHqdn0t",Wed Mar 07 04:47:04 +0000 2018,0.0,0.0,1.0,0.0
475,@nytimes,Texas primary election live results https://t.co/coi5RTaSHU,Wed Mar 07 04:32:05 +0000 2018,0.0,0.0,1.0,0.0
476,@nytimes,"RT @MichaelPaulson: A ‚ÄòFrozen‚Äô bond: heartbreak, hard choices and high notes as Elsa and Anna arrive on Broadway. https://t.co/0YzLqsZ0ex",Wed Mar 07 04:17:05 +0000 2018,-0.6249,0.0,0.758,0.242
477,@nytimes,"On the 20th anniversary of ‚ÄúThe Big Lebowski,‚Äù here's a list of streamable movies that follow in the footsteps of e‚Ä¶ https://t.co/q75khuckpv",Wed Mar 07 04:02:02 +0000 2018,0.0,0.0,1.0,0.0
478,@nytimes,"Stormy Daniels files suit, claiming Trump never signed ""hush agreement"" https://t.co/PMNv95mel1",Wed Mar 07 03:48:08 +0000 2018,-0.3875,0.0,0.792,0.208
479,@nytimes,"In the fight for equality, the U.S. women‚Äôs soccer team has emerged as a new kind of role model for women‚Äôs teams f‚Ä¶ https://t.co/o7rvCNUag2",Wed Mar 07 03:36:04 +0000 2018,-0.3818,0.0,0.894,0.106
480,@nytimes,RT @mattbpurdy: This is an important development. A possible link between the United Arab Emirates and Trump is helping Mueller in a new ph‚Ä¶,Wed Mar 07 03:26:04 +0000 2018,0.7003,0.264,0.736,0.0
481,@nytimes,"RT @nytpolitics: President Trump was infuriated by Gary Cohn‚Äôs decision to resign, denouncing him in private conversations as a ‚Äúglobalist‚Äù‚Ä¶",Wed Mar 07 03:17:06 +0000 2018,-0.7506,0.0,0.726,0.274
482,@nytimes,"‚ÄúWho made history?‚Äù chanted the throng of red-clad West Virginia teachers, who had defied state officials by stagin‚Ä¶ https://t.co/QSW38TPcPi",Wed Mar 07 03:02:06 +0000 2018,0.0,0.0,1.0,0.0
483,@nytimes,Texas primary election live results https://t.co/359hlxZEqI,Wed Mar 07 02:47:04 +0000 2018,0.0,0.0,1.0,0.0
484,@nytimes,"2-year-old Parker Curry, who captivated the internet with her reaction to Michelle Obama‚Äôs official portrait, got t‚Ä¶ https://t.co/gvKUu4Bp0O",Wed Mar 07 02:32:03 +0000 2018,0.3818,0.133,0.867,0.0
485,@nytimes,RT @samdolnick: Matthew Ornstein was my childhood best friend. He died because of severe gaps in our mental health care system. His very sm‚Ä¶,Wed Mar 07 02:18:04 +0000 2018,0.6597,0.296,0.531,0.173
486,@nytimes,Breaking News: The Justice Department is suing California over immigration laws that oppose President Trump's agend‚Ä¶ https://t.co/EneN6FIURj,Wed Mar 07 02:06:53 +0000 2018,0.3182,0.166,0.732,0.102
487,@nytimes,Evening Briefing: Here's what you need to know at the end of the day https://t.co/ordmqNjItR,Wed Mar 07 02:02:05 +0000 2018,0.0,0.0,1.0,0.0
488,@nytimes,The organizer of the failed Fyre Festival pleaded guilty to federal fraud charges https://t.co/Evw6Deugfe,Wed Mar 07 01:47:01 +0000 2018,-0.8316,0.132,0.372,0.496
489,@nytimes,Your yard might play a surprisingly large role in fighting climate change https://t.co/ZtShJ61GEc,Wed Mar 07 01:32:07 +0000 2018,0.2732,0.286,0.559,0.155
490,@nytimes,Texas primary election live results https://t.co/jVvL9hRsF8,Wed Mar 07 01:17:07 +0000 2018,0.0,0.0,1.0,0.0
491,@nytimes,"RT @nytgraphics: Watch live results from the Texas primaries, starting at 8 p.m. Eastern. https://t.co/CzTGFtmpUy",Wed Mar 07 01:02:06 +0000 2018,0.0,0.0,1.0,0.0
492,@nytimes,Keep this page open for Texas primary election results when they come in https://t.co/A2mSbaV3BH,Wed Mar 07 00:51:04 +0000 2018,0.0,0.0,1.0,0.0
493,@nytimes,"RT @nytimesbooks: Gabriel Garcia Marquez wrote ""Love in the Time of Cholera"" as a nostalgic exploration of his parents' courtship. The auth‚Ä¶",Wed Mar 07 00:47:01 +0000 2018,0.7269,0.243,0.757,0.0
494,@nytimes,"Porsche has introduced a new all-electric vehicle, attempting to go head-to-head with Tesla https://t.co/XpKWkdqQQo",Wed Mar 07 00:32:06 +0000 2018,0.0,0.0,1.0,0.0
495,@nytimes,"Most Americans expect artificial intelligence to lead to job losses in the coming decade, but few see it coming for‚Ä¶ https://t.co/DKgdPLNRQk",Wed Mar 07 00:17:06 +0000 2018,0.0516,0.09,0.83,0.081
496,@nytimes,"RT @amyfiscus: NEW: George Nader, the UAE adviser who grew close to Bannon and Kushner, is cooperating with the special counsel https://t.c‚Ä¶",Wed Mar 07 00:06:04 +0000 2018,0.4019,0.114,0.886,0.0
497,@nytimes,An adviser to the United Arab Emirates grew close to top White House aides. Now he is said to be cooperating with t‚Ä¶ https://t.co/NzSVpcskt2,Tue Mar 06 23:57:35 +0000 2018,0.5574,0.173,0.827,0.0
498,@nytimes,RT @adamgoldmanNYT: Breaking news: Adviser to Emirates With Ties to Trump Aides Is Cooperating With Special Counsel https://t.co/xr8QRjKtDu,Tue Mar 06 23:54:40 +0000 2018,0.4019,0.137,0.863,0.0
499,@nytimes,Evening Briefing: Here's what you need to know at the end of the day https://t.co/MAerJC6Nu4,Tue Mar 06 23:47:01 +0000 2018,0.0,0.0,1.0,0.0
